Order,Destination,Ship to party,Pack date,No of kits/sets,Priority,Incomplete,Shipping point,Background,Foreground,Sampling,Release,Prepick,Bagging,Miniload,SL/Bulk,Long line A,Long line B,QA label,Virtual pack,Haz. Material
50165783,Pakistan,X33001,21.06.2023,--,1,No,1000,,C,,C,C,,,C,,,,C,No
50166405,Ukraine,X44106,11.07.2023,--,1,No,1000,,C,,C,C,,,C,,,,C,No
50166693,DR of the Congo,X09937,17.07.2023,--,1,No,1000,,C,,C,C,,,C,,,,C,No
50166697,Ukraine,X44106,06.08.2023,--,1,No,1002,,C,,C,C,,,C,,,,C,Yes
50178252,Palestine,X705B3,26.09.2024,--,1,No,1000,C,,,C,C,,,C,,,,,Yes
50180207,South Sudan,X40402,21.11.2024,--,1,No,1002,C,,,C,C,,,C,,,,C,No
50180437,South Sudan,X40402,30.11.2024,--,1,No,1002,,C,,C,,,,C,,,,,No
50181998,Thailand,X420B6,06.02.2025,--,1,No,1000,C,,,C,C,,,C,,,,,Yes
50182332,DR of the Congo,X09903,24.02.2025,--,1,No,1003,C,,,C,C,,,C,,,,,Yes
50182345,Palestine,X70521,24.02.2025,--,1,No,1003,C,,,C,C,,,C,,,,,No
50182680,Myanmar,X060D8,17.03.2025,--,1,No,1000,C,,,C,C,,,C,,,,C,No
50182780,Sierra Leone,X390H0,19.03.2025,--,1,No,1000,,C,,C,C,,,C,,,,C,No
50182821,South Sudan,X404H0,24.03.2025,--,1,No,1000,,C,,C,,,,C,,,,,Yes
50182813,Somalia,X39219,16.03.2025,--,1,No,1000,C,,,C,C,,,C,,,,C,No
100035113,Denmark,X99994,03.04.2025,33,1,No,1999,C,,,C,C,,,A,,,,,No
50182845,Venezuela,X47102,25.03.2025,--,1,No,1000,C,,,C,C,,,C,,,,C,No
50182903,Solomon Islands,X63101,27.03.2025,--,1,No,1000,C,,,C,C,,,C,,,,,No
50182921,Pakistan,X33027,30.03.2025,--,1,No,1000,C,,,C,C,,,B,,,,C,Yes
50183004,Haiti,X18305,24.03.2025,--,1,No,1000,C,,,C,C,,,C,,,,,No
50183038,Mozambique,X68901,12.04.2025,--,1,No,1002,C,,,C,C,,,C,,,,C,No
100035017,Denmark,X99994,27.03.2025,4500,1,No,1999,C,,,C,C,,,B,,,,,No
50183045,Mozambique,X68901,26.03.2025,--,1,No,1002,C,,,C,C,,,C,,,,C,No
50183048,Mozambique,X68901,26.03.2025,--,1,No,1002,C,,,C,C,,,C,,,,,No
50183046,Mozambique,X68901,26.03.2025,--,1,No,1002,C,,,C,C,,,C,,,,,No
50183049,Mozambique,X68901,26.03.2025,--,1,No,1002,C,,,C,C,,,C,,,,C,Yes
50183105,Nigeria,X321F6,24.03.2025,--,1,No,1003,C,,,C,C,,,C,,,,C,No
50183117,Niger (the),X31802,06.04.2025,--,1,No,1000,C,,,C,C,,,B,,,,,No
50183119,Sudan (the),X40202,28.03.2025,--,1,No,1002,C,,,C,C,,,C,,,,C,No
50183128,Lebanon,X24902,30.03.2025,--,1,No,1003,C,,,C,C,,,C,,,,,No
100034925,Denmark,X99994,03.04.2025,600,1,No,1999,,C,,C,C,,,,,B,,,No
50183160,Chad,X08105,29.03.2025,--,1,No,1002,C,,,C,C,,,C,,,,C,No
50183165,Sudan (the),X40202,01.04.2025,--,1,No,1003,C,,,C,C,,,C,,,,C,No
50183180,Türkiye,X43523,29.03.2025,--,1,No,1002,,C,,C,,,,B,,,,C,Yes
50183207,Myanmar,X06002,29.03.2025,--,1,No,1001,C,,,C,,,,C,,,,,Yes
50183213,Myanmar,X06002,29.03.2025,--,1,No,1001,C,,,C,C,,,C,,,,,Yes
50183210,Myanmar,X06002,29.03.2025,--,1,No,1001,C,,,C,C,,,C,,,,,Yes
50183191,Myanmar,X06002,29.03.2025,--,1,No,1001,C,,,C,C,,,C,,,,C,No
50183221,Myanmar,X06002,29.03.2025,--,1,No,1001,C,,,C,C,,,C,,,,,No
50183224,Myanmar,X06002,29.03.2025,--,1,No,1001,C,,,C,C,,,C,,,,,Yes
50183225,Myanmar,X06002,29.03.2025,--,1,No,1001,C,,,C,C,,,C,,,,C,No
50183226,Myanmar,X06002,29.03.2025,--,1,No,1001,C,,,C,C,,,C,,,,C,No
50183227,Myanmar,X06002,29.03.2025,--,1,No,1001,C,,,C,C,,,C,,,,C,No
50183229,Myanmar,X06002,29.03.2025,--,1,No,1001,C,,,C,C,,,C,,,,,No
50183228,Myanmar,X06002,29.03.2025,--,1,No,1001,C,,,C,,,,C,,,,C,Yes
50183231,Myanmar,X06002,29.03.2025,--,1,No,1001,C,,,C,,,,C,,,,,Yes
50183234,Myanmar,X06002,29.03.2025,--,1,No,1001,C,,,C,,,,C,,,,,No
50183233,Myanmar,X06002,29.03.2025,--,1,No,1001,C,,,C,C,,,C,,,,,No
50183232,Myanmar,X06002,29.03.2025,--,1,No,1001,C,,,C,,,,C,,,,,Yes
50183242,Myanmar,X06002,30.03.2025,--,1,No,1001,C,,,C,C,,,C,,,,C,No
50183245,Myanmar,X06002,30.03.2025,--,1,No,1001,C,,,C,,,,C,,,,,No
50183244,Myanmar,X06002,30.03.2025,--,1,No,1001,C,,,C,C,,,C,,,,C,No
50183247,Myanmar,X06002,30.03.2025,--,1,No,1001,C,,,C,C,,,C,,,,C,No
50183246,Myanmar,X06002,30.03.2025,--,1,No,1001,C,,,C,C,,,C,,,,C,No
50183248,Myanmar,X06002,30.03.2025,--,1,No,1001,C,,,C,,,,C,,,,,No
50183250,Myanmar,X06002,30.03.2025,--,1,No,1001,C,,,C,,,,,,,,C,No
50183249,Myanmar,X06002,30.03.2025,--,1,No,1001,,C,,C,B,,,C,,,,,No
50183240,Myanmar,X06002,30.03.2025,--,1,No,1001,C,,,C,C,,,B,,,,C,No
50183237,Myanmar,X06002,30.03.2025,--,1,No,1001,C,,,C,B,,,A,,,,,Yes
50183253,Lebanon,X24902,02.04.2025,--,1,No,1003,C,,,C,B,,,A,,,,C,No
50183251,Myanmar,X06002,02.04.2025,--,1,No,1003,C,,,C,A,,,A,,,,C,No
50183252,Myanmar,X06002,02.04.2025,--,1,No,1003,C,,,C,B,,,A,,,,C,No
50151206,DPR of Korea,X51508,18.02.2022,--,2,No,1000,,C,,C,C,,,C,,,,C,No
50153123,Uganda,Z43801,06.05.2022,--,2,No,1000,,C,,C,C,,,C,,,,,No
50157288,Nigeria,X32117,19.09.2022,--,2,No,1000,,C,,C,C,,,C,,,,,No
50157675,Somalia,X39222,12.10.2022,--,2,No,1000,,C,,C,C,,,C,,,,,Yes
50157706,Somalia,X39228,05.10.2022,--,2,No,1000,,C,,C,,,,C,,,,,Yes
50163011,Cabo Verde,X682D4,15.03.2023,--,2,No,1000,,C,,C,C,,,C,,,,,No
50167023,Somalia,X39209,01.08.2023,--,2,No,1000,,C,,C,C,,,C,,,,C,No
50172480,Yemen,X49205,25.02.2024,--,2,No,1000,,C,,C,C,,,C,,,,C,No
50172481,Yemen,X49205,25.02.2024,--,2,No,1000,,C,,C,,,,C,,,,C,No
50172482,Yemen,X49239,23.02.2024,--,2,No,1000,,C,,C,C,,,C,,,,C,No
50174438,Zimbabwe,X62611,21.05.2024,--,2,No,1000,,C,,C,C,,,C,,,,,No
50179053,DPR of Korea,X51508,24.10.2024,--,2,No,1000,C,,,C,C,,,C,,,,,No
50179051,DPR of Korea,X51508,24.10.2024,--,2,No,1000,C,,,C,C,,,C,,,,,No
50179052,DPR of Korea,X51508,24.10.2024,--,2,No,1000,C,,,C,C,,,C,,,,,No
50180233,Mozambique,X689J8,01.12.2024,--,2,No,1000,C,,,C,,,,C,,,,C,No
50181372,Sierra Leone,X39001,14.01.2025,--,2,No,1000,,C,,C,C,,,C,,,,,No
50181484,Mozambique,X689J8,05.05.2025,--,2,No,1000,C,,,C,,,,C,,,,,No
50181903,Thailand,X420B6,06.02.2025,--,2,No,1000,C,,,C,C,,,C,,,,,No
50182382,South Sudan,X40402,04.03.2025,--,2,No,1000,C,,,C,C,,,C,,,,C,Yes
50182501,Yemen,X49205,10.03.2025,--,2,No,1000,,C,,C,C,,,C,,,,C,No
50182753,Yemen,X49205,20.03.2025,--,2,No,1000,,C,,C,C,,,C,,,,C,No
50182789,Niger (the),X31802,20.03.2025,--,2,No,1000,C,,,C,C,,,C,,,,C,No
50182790,Niger (the),X31802,20.03.2025,--,2,No,1000,C,,,C,C,,,C,,,,C,No
50182867,Madagascar,X26701,26.03.2025,--,2,No,1000,C,,,C,C,,,C,,,,,No
50182870,Niger (the),X31802,26.03.2025,--,2,No,1000,C,,,C,,,,C,,,,,No
50182869,Uganda,X43802,26.03.2025,--,2,No,1000,C,,,C,C,,,C,,,,,No
50182924,DR of the Congo,X099N6,30.03.2025,--,2,No,1000,,C,,C,,,,C,,,,,No
50182992,Kenya,X24020,01.04.2025,--,2,No,1000,C,,,C,C,,,C,,,,C,No
50182973,South Sudan,X40402,31.03.2025,--,2,No,1000,C,,,C,C,,,C,,,,C,No
50182997,Palestine,X705C3,01.04.2025,--,2,No,1000,C,,,C,C,,,C,,,,C,No
50183020,Sudan (the),X40202,02.04.2025,--,2,No,1000,C,,,C,C,,,C,,,,C,No
50183006,Sudan (the),X40202,02.04.2025,--,2,No,1000,C,,,C,,,,C,,,,C,No
50183007,South Sudan,X40402,02.04.2025,--,2,No,1000,C,,,C,,,,C,,,,C,No
50183009,Sudan (the),X40202,02.04.2025,--,2,No,1000,C,,,C,C,,,C,,,,C,No
50183041,Sudan (the),X40202,26.03.2025,--,2,No,1002,C,,,C,C,,,C,,,,C,Yes
50183043,Sudan (the),X40202,26.03.2025,--,2,No,1002,C,,,C,C,,,C,,,,C,Yes
50183047,Sudan (the),X40202,26.03.2025,--,2,No,1002,,C,,C,,,,C,,,,C,No
50183051,Sudan (the),X40202,26.03.2025,--,2,No,1002,,C,,C,C,,,C,,,,C,No
50183053,Sudan (the),X40202,26.03.2025,--,2,No,1002,,C,,C,C,,,C,,,,C,No
50183052,Sudan (the),X40202,26.03.2025,--,2,No,1002,,C,,C,C,,,C,,,,C,No
50183054,Sudan (the),X40202,26.03.2025,--,2,No,1002,,C,,C,C,,,C,,,,C,No
50183055,Sudan (the),X40202,26.03.2025,--,2,No,1002,,C,,C,,,,C,,,,C,No
50183056,Sudan (the),X40202,26.03.2025,--,2,No,1002,,C,,C,C,,,C,,,,C,No
50183059,Sudan (the),X40202,26.03.2025,--,2,No,1002,,C,,C,,,,C,,,,C,No
50183057,Sudan (the),X40202,26.03.2025,--,2,No,1002,,C,,C,C,,,C,,,,C,No
50183060,Sudan (the),X40202,26.03.2025,--,2,No,1002,C,,,C,,,,C,,,,C,Yes
50183063,Sudan (the),X40202,26.03.2025,--,2,No,1002,,C,,C,,,,C,,,,C,No
50183064,Sudan (the),X40202,26.03.2025,--,2,No,1002,C,,,C,C,,,C,,,,C,No
50183061,Sudan (the),X40202,26.03.2025,--,2,No,1002,,C,,C,C,,,C,,,,C,No
50183065,Sudan (the),X40202,26.03.2025,--,2,No,1002,C,,,C,C,,,C,,,,C,No
50183068,Sudan (the),X40228,26.03.2025,--,2,No,1002,,C,,C,C,,,C,,,,C,No
50183066,Sudan (the),X40202,26.03.2025,--,2,No,1002,C,,,C,,,,C,,,,C,No
50183067,Sudan (the),X40228,26.03.2025,--,2,No,1002,C,,,C,,,,C,,,,C,Yes
50183071,Sudan (the),X40228,26.03.2025,--,2,No,1002,C,,,C,C,,,C,,,,C,No
50183070,Sudan (the),X40228,26.03.2025,--,2,No,1002,C,,,C,C,,,C,,,,C,No
50183069,Sudan (the),X40228,26.03.2025,--,2,No,1002,C,,,C,,,,C,,,,C,Yes
50183072,Sudan (the),X40228,26.03.2025,--,2,No,1002,C,,,C,C,,,C,,,,C,No
50183073,Sudan (the),X40228,26.03.2025,--,2,No,1002,C,,,C,C,,,C,,,,C,No
50183078,Niger (the),X31802,03.04.2025,--,2,No,1000,C,,,C,C,,,C,,,,C,No
50183077,South Sudan,X40402,03.04.2025,--,2,No,1000,C,,,C,C,,,C,,,,C,No
100034702,Denmark,X99994,03.04.2025,740,2,No,1999,,C,,C,C,,A,,,,,,No
100034703,Denmark,X99994,03.04.2025,740,2,No,1999,,C,,C,C,,A,,,,,,No
50183106,Sudan (the),X40202,27.03.2025,--,2,No,1002,C,,,C,C,,,C,,,,C,No
50183109,Niger (the),X31802,06.04.2025,--,2,No,1000,C,,,C,C,,,C,,,,,Yes
50183107,Sudan (the),X40202,27.03.2025,--,2,No,1002,C,,,C,C,,,C,,,,C,No
50183111,South Sudan,X40401,06.04.2025,--,2,No,1000,C,,,C,C,,,C,,,,,No
50183118,Sudan (the),X40202,28.03.2025,--,2,No,1002,C,,,C,C,,,C,,,,C,No
50183120,Sudan (the),X40202,28.03.2025,--,2,No,1002,C,,,C,,,,C,,,,C,No
50183122,Sudan (the),X40202,28.03.2025,--,2,No,1002,,C,,C,C,,,C,,,,C,Yes
50183121,Sudan (the),X40202,28.03.2025,--,2,No,1002,C,,,C,C,,,C,,,,C,Yes
50183123,Sudan (the),X40228,28.03.2025,--,2,No,1002,C,,,C,C,,,C,,,,C,Yes
50183124,Sudan (the),X40228,28.03.2025,--,2,No,1002,,C,,C,C,,,C,,,,C,No
50183125,Sudan (the),X40228,28.03.2025,--,2,No,1002,,C,,C,C,,,C,,,,C,No
50183126,Sudan (the),X40202,28.03.2025,--,2,No,1002,,C,,C,C,,,C,,,,C,No
100035080,Denmark,X99994,03.04.2025,400,2,No,1999,C,,,C,C,,B,,,,,,No
50183130,Sudan (the),X40202,28.03.2025,--,2,No,1002,C,,,C,C,,,C,,,,C,Yes
50183131,Sudan (the),X40202,28.03.2025,--,2,No,1002,C,,,C,C,,,C,,,,C,Yes
50183129,Sudan (the),X40202,28.03.2025,--,2,No,1002,C,,,C,C,,,C,,,,C,No
50183133,Sudan (the),X40202,28.03.2025,--,2,No,1002,C,,,C,C,,,C,,,,C,Yes
50183132,Sudan (the),X40202,28.03.2025,--,2,No,1002,C,,,C,C,,,C,,,,,Yes
50183134,Sudan (the),X40202,28.03.2025,--,2,No,1002,C,,,C,C,,,C,,,,C,No
50183135,Sudan (the),X40202,28.03.2025,--,2,No,1002,C,,,C,C,,,C,,,,,Yes
50183136,Sudan (the),X40202,28.03.2025,--,2,No,1002,C,,,C,C,,,C,,,,C,No
50183150,Chad,X08105,08.04.2025,--,2,No,1000,C,,,C,C,,,C,,,,C,No
50183152,Benin,X11702,07.04.2025,--,2,No,1000,C,,,C,C,,,C,,,,,Yes
50183159,Chad,X08105,29.03.2025,--,2,No,1002,C,,,C,,,,C,,,,,No
50183168,Central Afr.Rep,X07502,08.04.2025,--,2,No,1000,C,,,C,C,,,A,,,,,No
50161086,Venezuela,X47102,19.01.2023,--,3,No,1000,,C,,C,C,,,C,,,,C,No
50161710,South Sudan,X40402,08.02.2023,--,3,No,1000,,C,,C,C,,,C,,,,C,Yes
50163895,Türkiye,X43530,30.03.2023,--,3,No,1002,,C,,C,,,,C,,,,C,No
50164500,Central Afr.Rep,X07502,10.05.2023,--,3,No,1000,,C,,C,C,,,C,,,,,Yes
50174289,S.Tome&Principe,X68302,19.05.2024,--,3,No,1000,,C,,C,C,,,C,,,,,No
50174374,Micronesia,X69345,20.05.2024,--,3,No,1000,,C,,C,C,,,C,,,,,Yes
50181483,Mozambique,X689J8,12.03.2025,--,3,No,1000,C,,,C,,,,C,,,,,No
50181503,Mozambique,X689J8,20.01.2025,--,3,No,1000,C,,,C,C,,,C,,,,C,No
50181594,Kenya,X24020,23.01.2025,--,3,No,1000,C,,,C,C,,,C,,,,C,No
50181824,Poland,X345A0,04.02.2025,--,3,No,1000,C,,,C,C,,,C,,,,,No
50182327,DPR of Korea,X51511,03.03.2025,--,3,No,1000,C,,,C,C,,,C,,,,,No
50182347,Bangladesh,X50703,03.03.2025,--,3,No,1000,C,,,C,C,,,C,,,,C,Yes
50182348,Bangladesh,X50703,05.03.2025,--,3,No,1000,C,,,C,C,,,C,,,,,Yes
50182350,Bangladesh,X50703,05.03.2025,--,3,No,1000,C,,,C,,,,C,,,,,Yes
50182349,Bangladesh,X50703,05.03.2025,--,3,No,1000,C,,,C,C,,,C,,,,C,Yes
50182351,Bangladesh,X50703,05.03.2025,--,3,No,1000,C,,,C,C,,,C,,,,,Yes
50182370,Yemen,X49205,04.03.2025,--,3,No,1000,,C,,C,C,,,C,,,,C,No
50182372,Yemen,X49205,04.03.2025,--,3,No,1000,,C,,C,C,,,C,,,,C,No
50182429,Somalia,X39228,06.03.2025,--,3,No,1000,C,,,C,C,,,C,,,,C,No
50182430,Somalia,X39209,06.03.2025,--,3,No,1000,C,,,C,C,,,C,,,,C,No
50182485,South Sudan,X40402,09.03.2025,--,3,No,1000,C,,,C,,,,C,,,,C,Yes
50182518,Solomon Islands,X63107,10.03.2025,--,3,No,1000,C,,,C,C,,,C,,,,,No
50182539,"Lao,Peo.Dem.Rep",X24602,11.03.2025,--,3,No,1000,C,,,C,C,,,C,,,,,No
50182610,Mozambique,X689J9,13.03.2025,--,3,No,1000,C,,,C,C,,,C,,,,,Yes
100035047,Denmark,X99994,20.03.2025,900,3,No,1999,C,,,C,C,,A,,,,,,No
50182704,Timor-Leste,X706C2,18.03.2025,--,3,No,1000,,C,,C,C,,,C,,,,C,No
50182703,Timor-Leste,X706C2,07.03.2025,--,3,No,1000,,C,,C,C,,,C,,,,C,No
50182728,Mozambique,L689000107,19.03.2025,--,3,No,1000,C,,,C,C,,,C,,,,C,No
100034938,Denmark,X99994,06.03.2025,183,3,No,1999,,C,,C,C,,A,,,,,,No
50182764,Yemen,X49206,20.03.2025,--,3,No,1000,C,,,C,,,,C,,,,,No
50182810,Sierra Leone,X390H0,25.03.2025,--,3,No,1000,C,,,C,C,,,C,,,,C,No
50182811,Yemen,X49205,24.03.2025,--,3,No,1000,C,,,C,C,,,C,,,,C,No
50182850,Mozambique,X689F5,22.04.2025,--,3,No,1000,,C,,C,,,,,,,,C,No
50182914,Niger (the),X31802,30.03.2025,--,3,No,1000,C,,,C,C,,,C,,,,,No
50182916,Burkina Faso,X45902,30.03.2025,--,3,No,1000,C,,,C,C,,,C,,,,,No
50182922,Tajikistan,X41521,30.03.2025,--,3,No,1000,C,,,C,C,,,C,,,,C,No
50182949,Sierra Leone,X39002,31.03.2025,--,3,No,1000,C,,,C,C,,,C,,,,,No
50182967,Cote d'Ivoire,X22502,31.03.2025,--,3,No,1000,C,,,C,C,,,C,,,,,No
50182972,Madagascar,X26701,27.03.2025,--,3,No,1000,C,,,C,C,,,C,,,,C,Yes
50182986,Mali,X27605,31.03.2025,--,3,No,1000,C,,,C,C,,,C,,,,C,No
50182990,Central Afr.Rep,X07506,01.04.2025,--,3,No,1000,C,,,C,C,,,C,,,,,No
50182974,Tanzania,X455M5,31.03.2025,--,3,No,1000,C,,,C,C,,,C,,,,C,No
50182976,Burkina Faso,X45902,22.04.2025,--,3,No,1000,C,,,C,C,,,C,,,,,Yes
50182981,Syrian Arab Rep,X41428,31.03.2025,--,3,No,1000,C,,,C,C,,,C,,,,C,No
50182983,Syrian Arab Rep,X41428,31.03.2025,--,3,No,1000,C,,,C,,,,C,,,,C,No
50182996,Bolivia,X05103,01.04.2025,--,3,No,1000,C,,,C,C,,,C,,,,,No
50183013,Niger (the),X31802,02.04.2025,--,3,No,1000,C,,,C,,,,C,,,,,No
50183014,South Sudan,X404H0,03.04.2025,--,3,No,1000,C,,,C,C,,,C,,,,,No
50183017,Niger (the),X31802,03.04.2025,--,3,No,1000,C,,,C,C,,,C,,,,,Yes
50183021,Chad,X08105,02.04.2025,--,3,No,1000,C,,,C,,,,C,,,,C,No
50183023,Guinea,X17703,02.04.2025,--,3,No,1000,C,,,C,C,,,C,,,,C,No
50183022,Chad,X08105,02.04.2025,--,3,No,1000,C,,,C,C,,,C,,,,C,No
50183011,Yemen,X49205,02.04.2025,--,3,No,1000,,C,,C,C,,,C,,,,,No
50183010,Chad,X08105,02.04.2025,--,3,No,1000,C,,,C,C,,,C,,,,C,No
50183030,Central Afr.Rep,X07506,02.04.2025,--,3,No,1000,C,,,C,C,,,A,,,,C,No
50183032,Central Afr.Rep,X07506,02.04.2025,--,3,No,1000,C,,,C,C,,,A,,,,C,No
50183058,Central Afr.Rep,X07506,02.04.2025,--,3,No,1000,C,,,C,C,,,A,,,,C,Yes
50183076,Burkina Faso,X45909,03.04.2025,--,3,No,1000,C,,,C,C,,,A,,,,,No
50183082,Rwanda,X37502,06.04.2025,--,3,No,1000,C,,,C,C,,,C,,,,,No
50183079,Paraguay,X33602,03.04.2025,--,3,No,1000,C,,,C,C,,,C,,,,C,No
50183087,Rwanda,X37502,06.04.2025,--,3,No,1000,C,,,C,,,,C,,,,C,No
50183086,Rwanda,X37502,06.04.2025,--,3,No,1000,C,,,C,,,,C,,,,,No
50183083,Rwanda,X37502,06.04.2025,--,3,No,1000,C,,,C,C,,,C,,,,,No
100034928,Denmark,X99994,27.03.2025,278,3,No,1999,C,,,C,C,,,A,,,,,No
100034926,Denmark,X99994,27.03.2025,278,3,No,1999,C,,,C,C,,,A,,,,,No
100035084,Denmark,X99994,03.04.2025,1605,3,No,1999,C,,,C,C,,,,A,A,,,No
50183104,Central Afr.Rep,X07506,03.04.2025,--,3,No,1000,C,,,C,C,,,A,,,,C,No
50183112,Central Afr.Rep,X07506,06.04.2025,--,3,No,1000,C,,,C,C,,,C,,,,C,No
50183113,Ghana,X16216,06.04.2025,--,3,No,1000,C,,,C,C,,,B,,,,C,No
50183116,Niger (the),X31802,06.04.2025,--,3,No,1000,C,,,C,C,,,C,,,,,No
50183144,Ethiopia,X14102,06.04.2025,--,3,No,1000,C,,,C,C,,,C,,,,,No
50183151,Cameroon,X06909,07.04.2025,--,3,No,1000,C,,,C,C,,,A,,,,C,No
50183145,Ethiopia,X14102,06.04.2025,--,3,No,1000,,C,,C,C,,,A,,,,C,No
57044878,Utd.Arab.Emir.,X44906,02.04.2025,--,3,No,1000,C,,,C,C,,,A,,,,C,No
50183157,Iran,X21007,07.04.2025,--,3,No,1000,C,,,C,C,,,C,,,,C,No
100034996,Denmark,X99994,03.04.2025,800,3,No,1999,C,,,C,C,,A,,,,,,No
50183167,Niger (the),X31802,08.04.2025,--,3,No,1000,C,,,C,C,,,A,,,,,No
50183169,Niger (the),X31811,08.04.2025,--,3,No,1000,C,,,C,C,,,A,,,,C,No
50183175,Cote d'Ivoire,X22502,08.04.2025,--,3,No,1000,C,,,C,C,,,A,,,,,Yes
50181165,Mozambique,X689J8,01.01.2025,--,4,No,1000,C,,,C,C,,,C,,,,C,No
50182517,Solomon Islands,X63107,10.03.2025,--,4,No,1000,C,,,C,C,,,C,,,,,No
50182515,Solomon Islands,X63107,10.03.2025,--,4,No,1000,C,,,C,C,,,C,,,,,Yes
50182836,Venezuela,X47102,25.03.2025,--,4,No,1000,C,,,C,C,,,C,,,,C,Yes
50182905,Cuba,X10504,27.03.2025,--,4,No,1000,C,,,C,C,,,C,,,,C,Yes
50182906,Cuba,X10504,27.03.2025,--,4,No,1000,C,,,C,C,,,C,,,,C,No
50182999,Liberia,X25504,24.03.2025,--,4,No,1000,C,,,C,C,,,C,,,,,No
100034881,Denmark,X99994,27.03.2025,58,4,No,1999,,C,,C,C,,,,A,A,,,No
100035123,Denmark,X99994,10.04.2025,4500,4,No,1999,C,,,C,C,,,A,,,,,No
100034927,Denmark,X99994,27.03.2025,278,4,No,1999,,C,,C,C,,,A,,,,,No
50183074,Yemen,X49239,06.04.2025,--,4,No,1000,,C,,C,C,,,C,,,,C,No
50183100,Yemen,X49239,06.04.2025,--,4,No,1000,,C,,C,C,,,A,,,,,No
50183149,Yemen,X49239,07.04.2025,--,4,No,1000,,C,,C,C,,,A,,,,C,No
50168073,Mozambique,X68906,05.09.2023,--,5,No,1000,,C,,C,,,,C,,,,C,No
50168756,Bangladesh,X50701,03.10.2023,--,5,No,1000,,C,,C,,,,C,,,,C,No
50172500,Ukraine,X44106,26.02.2024,--,5,No,1000,,C,,C,C,,,C,,,,C,Yes
50172529,Ukraine,X44106,27.02.2024,--,5,No,1000,,C,,C,,,,C,,,,C,Yes
50172649,Afghanistan,X00620,05.03.2024,--,5,No,1000,,C,,C,,,,C,,,,C,No
50174002,Yemen,X49239,07.05.2024,--,5,No,1000,,C,,C,,,,C,,,,C,No
100033061,Denmark,X99994,17.10.2024,90,5,No,1999,C,A,,C,C,,,A,,,,,No
50179102,Mozambique,X68903,28.10.2024,--,5,No,1000,,C,,C,,,,C,,,,C,No
50179861,DPR of Korea,X51508,20.11.2024,--,5,No,1000,C,,,C,C,,,C,,,,,No
50180269,DPR of Korea,X51508,02.12.2024,--,5,No,1000,C,,,C,C,,,C,,,,,No
50180335,DPR of Korea,X51508,04.12.2024,--,5,No,1000,C,,,C,C,,,C,,,,,No
50180347,Mozambique,X68903,10.12.2024,--,5,No,1000,C,,,C,,,,C,,,,,Yes
50180797,Mozambique,X689J8,01.01.2025,--,5,No,1000,C,,,C,,,,C,,,,C,Yes
50180871,Ghana,X16214,19.12.2024,--,5,No,1000,C,,,C,C,,,C,,,,C,No
50180904,Mozambique,X689J8,22.12.2024,--,5,No,1000,C,,,C,C,,,C,,,,,No
50180926,DPR of Korea,X51508,23.12.2024,--,5,No,1000,C,,,C,C,,,C,,,,,No
50180970,Somalia,X39209,24.12.2024,--,5,No,1000,C,,,C,C,,,C,,,,C,No
50181209,Mozambique,X689J8,05.01.2025,--,5,No,1000,C,,,C,C,,,C,,,,,Yes
50181351,Solomon Islands,X63107,13.01.2025,--,5,No,1000,C,,,C,C,,,C,,,,,No
50181354,Solomon Islands,X63107,13.01.2025,--,5,No,1000,C,,,C,C,,,C,,,,,No
50181426,Mozambique,X689J8,27.02.2025,--,5,No,1000,C,,,C,,,,C,,,,,No
50181510,Mozambique,X689J8,20.01.2025,--,5,No,1000,C,,,C,C,,,C,,,,,Yes
50181678,Mozambique,X689J8,28.01.2025,--,5,No,1000,C,,,C,,,,C,,,,C,No
100034624,Denmark,X99994,30.01.2025,66,5,No,1999,,C,,C,,,A,,,,,,No
50181871,"Lao,Peo.Dem.Rep",X24602,05.02.2025,--,5,No,1000,C,,,C,C,,,C,,,,,No
100034504,Denmark,X99994,06.02.2025,31,5,No,1999,,C,,C,C,,,A,,,,,No
100034500,Denmark,X99994,06.02.2025,22,5,No,1999,,C,,C,C,,,A,,,,,No
50182044,Bangladesh,X50703,16.02.2025,--,5,No,1000,C,,,C,C,,,C,,,,C,No
50182239,Poland,X345A0,25.02.2025,--,5,No,1000,C,,,C,C,,,C,,,,,Yes
50182262,Uganda,X43801,26.02.2025,--,5,No,1000,C,,,C,C,,,C,,,,,Yes
50182263,Uganda,X43801,26.02.2025,--,5,No,1000,C,,,C,C,,,C,,,,C,Yes
50182315,Zambia,X49803,02.03.2025,--,5,No,1000,C,,,C,C,,,C,,,,C,No
50182317,South Sudan,X40402,02.03.2025,--,5,No,1000,C,,,C,,,,C,,,,C,No
50182358,Thailand,X420B6,03.03.2025,--,5,No,1000,C,,,C,,,,C,,,,C,No
50182375,Yemen,X49205,04.03.2025,--,5,No,1000,,C,,C,C,,,C,,,,,Yes
50182391,Mozambique,X689J8,04.03.2025,--,5,No,1000,C,,,C,,,,,,,,C,No
50182394,Mozambique,X689F5,04.03.2025,--,5,No,1000,,C,,C,,,,,,,,C,No
100034413,Denmark,X99994,13.02.2025,326,5,No,1999,C,,,C,C,,,A,,,,,No
100034035,Denmark,X99994,13.03.2025,30,5,No,1999,,C,,C,C,,,A,,,,,Yes
50182446,Mozambique,X689F5,22.04.2025,--,5,No,1000,C,,,C,,,,,,,,C,No
50182447,Mozambique,X689F5,22.04.2025,--,5,No,1000,,C,,C,,,,,,,,C,No
50182534,Uganda,X43802,11.03.2025,--,5,No,1000,C,,,C,C,,,C,,,,C,No
50182535,Somalia,X39216,11.03.2025,--,5,No,1000,C,,,C,C,,,C,,,,,No
57044598,Utd.Arab.Emir.,X44906,12.03.2025,--,5,No,1000,,C,,C,C,,,C,,,,,No
57044597,Utd.Arab.Emir.,X44906,12.03.2025,--,5,No,1000,,C,,C,,,,C,,,,C,No
100034665,Denmark,X99994,27.02.2025,1200,5,No,1999,C,,,C,C,A,,,,,,,No
50182657,South Sudan,X40402,17.03.2025,--,5,No,1000,C,,,C,C,,,C,,,,C,No
50182673,Ethiopia,X14101,17.03.2025,--,5,No,1000,C,,,C,,,,C,,,,C,No
50182689,Bangladesh,X50703,18.03.2025,--,5,No,1000,C,,,C,C,,,C,,,,,No
50182702,Yemen,X49205,18.03.2025,--,5,No,1000,,C,,C,C,,,C,,,,C,No
50182708,Yemen,X49205,19.03.2025,--,5,No,1000,,C,,C,C,,,C,,,,,Yes
Inventory-Bulk-6524457,--,--,,--,5,No,--,,,,B,,,,,,,,,No
Inventory-Bulk-6524460,--,--,,--,5,No,--,,,,B,,,,,,,,,No
Inventory-Bulk-6524464,--,--,,--,5,No,--,,,,B,,,,,,,,,No
Inventory-Bulk-6524466,--,--,,--,5,No,--,,,,B,,,,,,,,,No
Inventory-Bulk-6524469,--,--,,--,5,No,--,,,,B,,,,,,,,,No
Inventory-Cold-6524471,--,--,,--,5,No,--,,,,B,,,,,,,,,No
50182715,Yemen,X49205,19.03.2025,--,5,No,1000,,C,,C,C,,,C,,,,C,No
50182716,Yemen,X49205,19.03.2025,--,5,No,1000,,C,,C,,,,C,,,,C,No
50182717,Yemen,X49205,19.03.2025,--,5,No,1000,,C,,C,C,,,C,,,,C,No
50182718,Yemen,X49205,19.03.2025,--,5,No,1000,,C,,C,,,,C,,,,C,No
100034412,Denmark,X99994,06.03.2025,400,5,No,1999,C,,,C,C,,,A,,,,,No
100034937,Denmark,X99994,06.03.2025,190,5,No,1999,,C,,C,C,,,B,,,,,No
100034004,Denmark,X99994,06.03.2025,1,5,Yes,1999,A,A,,,,,,,,,,,No
50182748,Ethiopia,X14101,19.03.2025,--,5,No,1000,C,,,C,,,,C,,,,C,No
50182760,Yemen,X49205,20.03.2025,--,5,No,1000,,C,,C,C,,,C,,,,C,Yes
50182755,Yemen,X49205,20.03.2025,--,5,No,1000,,C,,C,C,,,C,,,,C,Yes
50182761,Yemen,X49205,20.03.2025,--,5,No,1000,,C,,C,C,,,C,,,,C,No
50182759,Yemen,X49205,20.03.2025,--,5,No,1000,,C,,C,C,,,C,,,,,Yes
50182762,Yemen,X49205,20.03.2025,--,5,No,1000,,C,,C,C,,,C,,,,C,No
100034017,Denmark,X99994,20.03.2025,800,5,No,1999,,C,,C,C,,,,,A,,,No
50182788,Yemen,X49205,20.03.2025,--,5,No,1000,,C,,C,C,,,C,,,,C,No
50182792,Yemen,X49205,20.03.2025,--,5,No,1000,,C,,C,C,,,C,,,,,No
50182800,South Sudan,X40401,23.03.2025,--,5,No,1000,C,,,C,C,,,C,,,,C,No
50182799,South Sudan,X40401,23.03.2025,--,5,No,1000,C,,,C,C,,,C,,,,C,Yes
100034435,Denmark,X99994,13.03.2025,60,5,No,1999,,C,,C,C,,A,,,,,,No
50182827,Sudan (the),X402M3,25.03.2025,--,5,No,1000,C,,,C,C,,,C,,,,,No
50182808,Cameroon,X06909,24.03.2025,--,5,No,1000,C,,,C,C,,,C,,,,,No
50182826,South Sudan,X404H0,25.03.2025,--,5,No,1000,C,,,C,C,,,C,,,,,No
50182816,Madagascar,X267J4,24.03.2025,--,5,No,1000,C,,,C,C,,,C,,,,C,No
50182832,Palestine,X70519,25.03.2025,--,5,No,1000,C,,,C,C,,,C,,,,C,Yes
50182831,Palestine,X70519,25.03.2025,--,5,No,1000,C,,,C,C,,,C,,,,C,No
100034735,Denmark,X99994,13.03.2025,50,5,No,1999,,C,,C,C,,A,,,,,,Yes
100034608,Denmark,X99994,13.03.2025,33,5,No,1999,C,,,C,,,,A,,,,,No
100035108,Denmark,X99994,13.03.2025,33,5,No,1999,C,,,C,,,,A,,,,,No
100035109,Denmark,X99994,13.03.2025,33,5,No,1999,C,,,C,,,,A,,,,,No
100035110,Denmark,X99994,13.03.2025,33,5,No,1999,C,,,C,,,,A,,,,,No
100035111,Denmark,X99994,13.03.2025,33,5,No,1999,C,,,C,,,,A,,,,,No
100035112,Denmark,X99994,13.03.2025,33,5,No,1999,C,,,C,,,,A,,,,,No
100035114,Denmark,X99994,03.04.2025,33,5,No,1999,C,,,C,,,,A,,,,,No
50182835,Venezuela,X47102,25.03.2025,--,5,No,1000,C,,,C,C,,,C,,,,C,No
50182837,Venezuela,X47102,25.03.2025,--,5,No,1000,C,,,C,C,,,C,,,,C,No
50182846,Venezuela,X47102,25.03.2025,--,5,No,1000,C,,,C,C,,,C,,,,,No
50182849,Mozambique,X689F5,22.04.2025,--,5,No,1000,,C,,C,,,,,,,,C,No
50182861,Sierra Leone,X390H0,25.03.2025,--,5,No,1000,C,,,C,C,,,C,,,,C,No
50182872,Venezuela,X47102,26.03.2025,--,5,No,1000,C,,,C,C,,,C,,,,C,No
50182873,Venezuela,X47102,26.03.2025,--,5,No,1000,C,,,C,C,,,C,,,,,Yes
50182876,Madagascar,X26701,27.03.2025,--,5,No,1000,C,,,C,C,,,C,,,,,No
50182875,Mauritania,X28203,27.03.2025,--,5,No,1000,C,,,C,C,,,C,,,,,Yes
100034740,Denmark,X99994,06.03.2025,50,5,No,1999,C,,,C,C,,,A,,,,,No
100034809,Denmark,X99994,06.03.2025,800,5,No,1999,,C,,C,C,,,B,,,,,No
100034739,Denmark,X99994,06.03.2025,50,5,No,1999,C,,,C,C,,,A,,,,,No
50182893,Burkina Faso,X45902,08.07.2025,--,5,No,1000,C,,,C,,,,C,,,,,No
50182880,Venezuela,X47102,01.04.2025,--,5,No,1000,C,,,C,C,,,C,,,,,No
50182878,Iraq,X21352,27.03.2025,--,5,No,1000,C,,,C,,,,C,,,,,No
50182907,Togo,X42301,30.03.2025,--,5,No,1000,C,,,C,C,,,C,,,,,No
50182909,Mozambique,X68906,30.03.2025,--,5,No,1000,C,,,C,C,,,C,,,,C,No
50182910,Mozambique,X68901,30.03.2025,--,5,No,1000,C,,,C,C,,,C,,,,C,No
50182913,Niger (the),X31802,30.03.2025,--,5,No,1000,C,,,C,C,,,C,,,,,No
50182911,Mozambique,X68901,30.03.2025,--,5,No,1000,C,,,C,C,,,C,,,,C,No
50182908,Mozambique,X68901,30.03.2025,--,5,No,1000,C,,,C,C,,,C,,,,C,No
50182918,Burkina Faso,X45909,30.03.2025,--,5,No,1000,C,,,C,C,,,C,,,,,No
100034891,Denmark,X99994,20.03.2025,258,5,No,1999,A,A,,,,,,,,,,,No
50182950,Libya,X25802,31.03.2025,--,5,No,1000,C,,,C,C,,,C,,,,C,No
50182951,Libya,X25802,31.03.2025,--,5,No,1000,C,,,C,C,,,C,,,,C,No
50182952,Libya,X25802,31.03.2025,--,5,No,1000,C,,,C,C,,,C,,,,C,No
50182954,Libya,X25802,31.03.2025,--,5,No,1000,C,,,C,C,,,C,,,,,No
50182955,Libya,X25802,31.03.2025,--,5,No,1000,C,,,C,C,,,C,,,,,Yes
50182953,Libya,X25802,31.03.2025,--,5,No,1000,C,,,C,C,,,C,,,,,No
50182957,Libya,X25802,31.03.2025,--,5,No,1000,C,,,C,C,,,C,,,,,No
50182959,Libya,X25802,31.03.2025,--,5,No,1000,C,,,C,C,,,C,,,,C,No
50182956,Libya,X25802,31.03.2025,--,5,No,1000,C,,,C,C,,,C,,,,,No
50182961,Libya,X25802,31.03.2025,--,5,No,1000,C,,,C,C,,,C,,,,,No
50182958,Libya,X25802,31.03.2025,--,5,No,1000,C,,,C,C,,,C,,,,C,No
50182960,Libya,X25802,31.03.2025,--,5,No,1000,C,,,C,C,,,C,,,,C,No
50182962,Libya,X25802,31.03.2025,--,5,No,1000,C,,,C,C,,,C,,,,,No
50182963,Libya,X25802,31.03.2025,--,5,No,1000,C,,,C,C,,,C,,,,,No
50182964,Libya,X25802,31.03.2025,--,5,No,1000,C,,,C,C,,,C,,,,,No
50182965,Libya,X25802,31.03.2025,--,5,No,1000,C,,,C,C,,,C,,,,,No
50182966,Libya,X25802,31.03.2025,--,5,No,1000,C,,,C,C,,,C,,,,,No
50182947,Yemen,X49239,31.03.2025,--,5,No,1000,C,,,C,C,,,C,,,,,No
50182946,Yemen,X49205,31.03.2025,--,5,No,1000,,C,,C,,,,C,,,,C,No
50182948,Yemen,X49239,31.03.2025,--,5,No,1000,C,,,C,C,,,C,,,,C,No
100034985,Denmark,X99994,03.04.2025,36,5,No,1999,,C,,C,C,,,A,,,,,No
100034951,Denmark,X99994,03.04.2025,22,5,No,1999,,C,,C,,,,A,,,,,No
100032406,Denmark,X99994,20.03.2025,4,5,No,1999,C,,,C,C,,,A,,,,,No
50182985,Mali,X27605,31.03.2025,--,5,No,1000,C,,,C,,,,,,,,C,No
50182995,Mali,X27613,01.04.2025,--,5,No,1000,C,,,C,,,,C,,,,,No
50182977,Burkina Faso,X45909,22.04.2025,--,5,No,1000,C,,,C,C,,,A,,,,C,Yes
50182982,Syrian Arab Rep,X41428,31.03.2025,--,5,No,1000,C,,,C,,,,,,,,C,No
50182980,Syrian Arab Rep,X41428,31.03.2025,--,5,No,1000,C,,,C,,,,,,,,C,No
50182984,Syrian Arab Rep,X41428,31.03.2025,--,5,No,1000,C,,,C,,,,C,,,,,No
100034834,Denmark,X99994,03.04.2025,58,5,No,1999,,C,,C,C,,A,,,,,,No
100035125,Denmark,X99994,03.04.2025,100,5,No,1999,A,A,,,,,,,,,,,No
50183019,Sudan (the),X40202,02.04.2025,--,5,No,1000,C,,,C,,,,,,,,C,No
50183008,Sudan (the),X40202,02.04.2025,--,5,No,1000,C,,,C,C,,,C,,,,C,No
100035073,Denmark,X99994,03.04.2025,574,5,No,1999,A,A,,,,,,,,,,,No
100035074,Denmark,X99994,03.04.2025,574,5,No,1999,C,,,C,C,,B,,,,,,No
100035160,Denmark,X99994,10.04.2025,4500,5,No,1999,C,,,C,C,,,A,,,,,No
50183039,Sierra Leone,X390H0,02.04.2025,--,5,No,1000,C,,,C,C,,,A,,,,,No
50183075,Congo (the),X33801,06.04.2025,--,5,No,1000,C,,,C,C,,,A,,,,C,No
100035031,Denmark,X99994,27.03.2025,780,5,Yes,1999,A,A,,,,,,,,,,,No
100035032,Denmark,X99994,27.03.2025,871,5,Yes,1999,A,A,,,,,,,,,,,No
100034559,Denmark,X99994,03.04.2025,800,5,No,1999,A,A,,,,,,,,,,,No
50183108,Burundi,X06101,07.04.2025,--,5,No,1000,C,,,C,,,,A,,,,C,No
50183114,Burundi,X06101,06.04.2025,--,5,No,1000,C,,,C,,,,A,,,,C,No
50183142,Niger (the),X31811,06.04.2025,--,5,No,1000,C,,,C,,,,A,,,,C,No
50183143,Niger (the),X31811,06.04.2025,--,5,No,1000,C,,,C,C,,,A,,,,,No
50183153,Benin,X11702,07.04.2025,--,5,No,1000,C,,,C,,,,,,,,C,No
50183148,Niger (the),X31811,07.04.2025,--,5,No,1000,C,,,C,C,,,A,,,,C,No
50183154,Libya,X25802,29.06.2025,--,5,No,1000,C,,,C,C,,,A,,,,C,Yes
50183155,Libya,X25802,29.06.2025,--,5,No,1000,C,,,C,C,,,A,,,,,No
50183166,Somalia,X392E5,08.04.2025,--,5,No,1000,C,,,C,C,,,A,,,,,No
50183164,Pakistan,X33027,07.04.2025,--,5,No,1000,C,,,C,C,,,A,,,,C,Yes
50183170,Gambia,X15612,08.04.2025,--,5,No,1000,C,,,C,C,,,A,,,,C,No
100034779,Denmark,X99994,03.04.2025,20,5,No,1999,,C,,C,C,,,,A,A,,,No
50183173,Madagascar,X267J5,08.04.2025,--,5,No,1000,C,,,C,C,,,A,,,,,Yes
50183172,Solomon Islands,X63107,08.04.2025,--,5,No,1000,C,,,C,,,,C,,,,,Yes
100034521,Denmark,X99994,27.03.2025,800,5,No,1999,C,,,C,B,,,A,,,,,No
280324 - S9016023,--,--,,24,5,No,--,C,,,C,,,,,A,,,,Yes
100034600,Denmark,X99994,03.04.2025,25,5,No,1999,C,,,C,A,,,,,,,A,No
50183182,Mozambique,X689J8,27.04.2025,--,5,No,1000,C,,,C,A,,,A,,,,C,No
50183181,Afghanistan,X00620,02.04.2025,--,5,No,1000,C,,,C,A,,,A,,,,C,No
50183183,Afghanistan,X00620,02.04.2025,--,5,No,1000,C,,,C,A,,,A,,,,,No
50183186,Afghanistan,X00620,02.04.2025,--,5,No,1000,C,,,C,A,,,A,,,,,Yes
50183187,Sudan (the),X402L0,02.04.2025,--,5,No,1000,C,,,C,,,,,,,,C,Yes
50183185,Afghanistan,X00620,02.04.2025,--,5,No,1000,C,,,C,A,,,A,,,,C,No
50183188,Sudan (the),X402L0,02.04.2025,--,5,No,1000,C,,,C,,,,,,,,C,Yes
50183255,Gambia,X15611,09.04.2025,--,5,No,1000,C,,,C,A,,,A,,,,,No
50183254,Malawi,X26905,09.04.2025,--,5,No,1000,C,,,C,,,,A,,,,C,Yes
50183256,Gambia,X15611,09.04.2025,--,5,No,1000,C,,,C,A,,,A,,,,,No
100033962,Denmark,X99994,03.04.2025,976,5,No,1999,A,A,,,,,,,,,,,No
