Unnamed: 0,Unnamed: 1,Unnamed: 2,Unnamed: 3,Unnamed: 4,Unnamed: 5,Unnamed: 6,Unnamed: 7,Unnamed: 8,Unnamed: 9,Unnamed: 10,Unnamed: 11,Unnamed: 12,Unnamed: 13,Unnamed: 14,Unnamed: 15,Unnamed: 16,Unnamed: 17,Unnamed: 18,Unnamed: 19,Unnamed: 20,Unnamed: 21,Unnamed: 22,Unnamed: 23,Unnamed: 24,Unnamed: 25,Unnamed: 26,Unnamed: 27,Unnamed: 28,Unnamed: 29,Unnamed: 30,Unnamed: 31,Unnamed: 32,Unnamed: 33,Unnamed: 34,Unnamed: 35,Unnamed: 36
WMS,,Report,MM. Kits Routing,,,,,Report,Order Management,,,,Report,Retrieval orders lines,,,,,,,,,,,,,,,,,,,,,,
,,Source,WMS,,,,,Source,WMS,,,,Source,WMS,,,,,,,,,,,,,,,,,,,,,,
,,Transaction,,,,,,Transaction,,,,,Transaction,,,,,,,,,,,,,,,,,,,,,,,
,,Variant,,,,,,Variant,,,,,Variant,,,,,,,,,,,,,,,,,,,,,,,
,,Current Extraction,Excel,,,,,Current Extraction,Excel,,,,Current Extraction,Excel,,,,,,,,,,,,,,,,,,,,,,
,,Extraction Frequency,Monthly,,,,,Extraction Frequency,Daily,,,,Extraction Frequency,Daily,,,,,,,,,,,,,,,,,,,,,,
,,Future Connection,WMS,,,,,Future Connection,WMS,,,,Future Connection,WMS,,,,,,,,,,,,,,,,,,,,,,
,,Future Frequency,Connected to WMS,,,,,Future Frequency,Connected to WMS,,,,Future Frequency,Connected to WMS,,,,,,,,,,,,,,,,,,,,,,
,,,,,,,,,,,,,,,,,,,,,,,,,,,,,,,,,,,,
,,,,,,,,,,,,,,,,,,,,,,,,,,,,,,,,,,,,
Vision,,Report,Planned Prod Orders,,,,,Report,Released Prod Orders,,,,Report,Purchase Document List,,,,Report,Attendance Data,,,,Report,Vision Material Master,,,,,,,,,,,,
,,Source,Vision,,,,,Source,Vision,,,,Source,Vision,,,,Source,Vision,,,,Source,Vision,,,,,,,,,,,,
,,Transaction,COOIS,,,,,Transaction,COOIS,,,,Transaction,ZPOX2,,,,Transaction,PT90,,,,Transaction,Zmat_New,,,,,,,,,,,,
,,Variant,Planned Orders,,,,,Variant,Planned Orders,,,,Variant,,,,,Variant,,,,,Variant,,,,,,,,,,,,,
,,Current Extraction,Excel,,,,,Current Extraction,Excel,,,,Current Extraction,Excel,,,,Current Extraction,Excel,,,,Current Extraction,Excel,,,,,,,,,,,,
,,Extraction Frequency,Weekly,,,,,Extraction Frequency,Weekly,,,,Extraction Frequency,Daily,,,,Extraction Frequency,Daily,,,,Extraction Frequency,Weekly,,,,,,,,,,,,
,,Future Connection,Data-WH,,,,,Future Connection,Data-WH,,,,Future Connection,Data-WH,,,,Future Connection,Data-WH,,,,Future Connection,Data-WH,,,,,,,,,,,,
,,Future Frequency,Connected to Data-WH,,,,,Future Frequency,Connected to Data-WH,,,,Future Frequency,Connected to Data-WH,,,,Future Frequency,Connected to Data-WH,,,,Future Frequency,Connected to Data-WH,,,,,,,,,,,,
,,,,,,,,,,,,,,,,,,,,,,,,,,,,,,,,,,,,
,,,,,,,,,,,,,,,,,,,,,,,,,,,,,,,,,,,,
Other,,Report,Warehouse Staff Allocation,,,,,Report,Work Center Capacity,,,,Report,Kits cost data,,,,Report,Kits cost data,,,,,,,,,,,,,,,,,
,,Source,Manual Excel,,,,,Source,Manual Excel,,,,Source,Manual Excel,,,,Source,Manual Excel,,,,,,,,,,,,,,,,,
,,Transaction,,,,,,Transaction,,,,,Transaction,,,,,Transaction,,,,,,,,,,,,,,,,,,
,,Variant,,,,,,Variant,,,,,Variant,,,,,Variant,,,,,,,,,,,,,,,,,,
,,Current Extraction,Excel,,,,,Current Extraction,Excel,,,,Current Extraction,Excel,,,,Current Extraction,Excel,,,,,,,,,,,,,,,,,
,,Extraction Frequency,Monthly,,,,,Extraction Frequency,Monthly,,,,Extraction Frequency,Monthly,,,,Extraction Frequency,Monthly,,,,,,,,,,,,,,,,,
,,Future Connection,,,,,,Future Connection,,,,,Future Connection,,,,,Future Connection,,,,,,,,,,,,,,,,,,
,,Future Frequency,,,,,,Future Frequency,,,,,Future Frequency,,,,,Future Frequency,,,,,,,,,,,,,,,,,,
,,,,,,,,,,,,,,,,,,,,,,,,,,,,"D. Productivity per staff (UoM M3, Kgs, #, $)",,,,,Reports to be displayed on screens in differents area of the warehouse operation.,,,
,,,,,,,,,,,,,,,,,,,,,,,,,,,,,,,,,,,,
,,,,,,,,Planning,,,,,,,,,,,,,,,"Reporting: 
KPI dashboard ",,,,,,,,,,,,,
,,,,,,,,,,,,,,,,,,,,,,,,,,,,,,,,,,,,
,,,,,,,,,,,,,,,,,,Management report,,,,,Management report,,,,,Management report,,,,,Production report,,,
,,A. Weekly (Monthly?) workforce need and scheduling (per worker) based on demand / available stock / available labour and work stations. ,,,,,,B. Daily Who Does What tool (Can this be presented on a tablet for the line manager to confirm/update on a daily basis?) ,,,,,"C. The optimal shift length / working days / working stations (long line A, B, short lines, bulk) ",,,,,A. Tracking of the number of hours worked per laborer / per work station / per kit ,,,,,"B.Price per kit produced (cost to UNICEF) 

",,,,,"C.  Productivity per staff (UoM M3, Kgs, #, $)",,,,,"D. Number of kits/deliveries packed / day/week/Month/Years (UoM M3, Kgs, #, $)",,,
,,,,,,,,,,,,,,,,,,,,,,,,,,,,,,,,,,,,
,,Recommendations for: ,1. Best value for money composition of UNICEF staff and Humanizer staff ,,,,,,,,,,,,,,,Subtitle:,1. Performance over time ,,,,Subtitle:,1. Fixed costs ,,,,Subtitle:,Assess actual quality/performance of workforce plans,,,,Subtitle:,1. Performance over time ,,
,,,2. Working a second shift ,,,,,,,,,,,,,,,,,,,,,2. Variable costs ,,,,,,,,,,,,
,,,3. Working overtime ,,,,,,,,,,,,,,,,,,,,,,,,,,,,,,,,,
,,,4. Using the bulk area or auxiliary packing stations / warehouses  ,,,,,,,,,,,,,,,,,,,,,,,,,,,,,,,,,
,,,,,,,,,,,,,,,,,,,,,,,,,,,,,,,,,,,,
,,Description:,,,,,,Description:,,,,,Description:,,,,,Description:,,,,,Description:,,,,,Description:,,,,,Description:,,,
,,,,,,,,,,,,,,,,,,,,,,,,,,,,,,,,,,,,
,,,,,,,,,,,,,,,,,,,,,,,,,,,,"trends might show that one kind of kit might be more labor-intensive than another type, or inputs from different suppliers require more/less labor, or different supervisors/forement are more/less productive",,,,,Reports to be displayed on screens in differents area of the warehouse operation.,,,
,,Data Source:,System,Transaction,Comments,,,Data Source:,System,Transaction,Comments,,Data Source:,System,Transaction,Comments,,Data Source:,System,Transaction,Comments,,Data Source:,System,Transaction,Comments,,Data Source:,System,Transaction,Comments,,Data Source:,System,Transaction,Comments
,,Production plan COOIS to calculate the resources needed,Vision,COOIS,Planning has to be very detailed,,,,,,,,,,,,,,,,,,,,,,,,,,,,,,,
,,Kits calculation,Excel,"Excel master data: ""Kits Calculation""",,,,,,,,,,,,,,,,,,,,,,,,,,,,,,,,
,,PT90 Attendance Report,Vision,PT90,,,,,,,,,,,,,,,,,,,,,,,,,,,,,,,,
,,Staff competencies mapping,Excel,"Excel master data: ""WH Competences""",,,,,,,,,,,,,,,,,,,,,,,,,,,,,,,,
,,work station capacity,Excel,"Excel master data:""Work Centre Capacity""",,,,,,,,,,,,,,,,,,,,,,,,,,,,,,,,
,,Fixed Workstation manning ,Excel,"Excel master data:""Fixed Workstation manning """,Added on the 22th April,,,,,,,,,,,,,,,,,,,,,,,,,,,,,,,
,,Work scheduling timetable,Excel,"Excel master data:""Work Shifts timing """,Added on the 22th April,,,,,,,,,,,,,,,,,,,,,,,,,,,,,,,
,,Staff costing sheets including overtime and eveningshit,Excel,"Excel master data:""WH Workforce Hourly Pay Scale""",Added on the 16th April,,,,,,,,,,,,,,,,,,,,,,,,,,,,,,,
,,Kits Bill of Material,Excel,"Excel master data:""to be developped""",,,,,,,,,,,,,,,,,,,,,,,,,,,,,,,,
,,MB51 for kit qty produced,Vision,MB51,Mvt type 101,,,,,,,,,,,,,,,,,,,,,,,,,,,,,,,
,,Actual production manning data per kit,WMS,WMS new report(To be developped),To be developped,,,,,,,,,,,,,,,,,,,,,,,,,,,,,,,
,,,,,,,,,,,,,,,,,,,,,,,,,,,,,,,,,,,,
,,,,,,,,,,,,,,,,,,,,,,,,,,,,,,,,,,,,
,,,,,,,,,,,,,,,,,,,,,,,,,,,,,,,,,,,,
,,for V2: Data from WMS to assess the staffing in other workstations,WMS,,To be developped for AI version 2,,,,,,,,,,,,,,,,,,,,,,,,,,,,,,,
,,,,,,,,,,,,,,,,,,,,,,,,,,,,,,,,,,,,
,,,,,,,,,,,,,,,,,,,,,,,,,,,,,,,,,,,,
,,comments:,,,,,,comments:,,,,,comments:,,,,,comments:,,,,,comments:,,,,,comments:,,,,,comments:,,,
,,V1 will be min staf  for PP and other staion,,,,,,,,,,,overtime on weekdays,,,,,MB51 for kit qty produced,Vision: MB51 Mvt type 101,,Vision: MB51 Mvt type 101,,,,,,,,,,,,,,,
,,V2 will review the data such as Yard management and prepick and propose staffing on workstction,,,,,,,,,,,overtime on weekends,,,,,Actual production manning data per kit,WMS new report(To be developped),,WMS new report(To be developped),,Actual production manning data per kit,WMS new report(To be developped),,,,,,,,,Actual production manning data per kit,WMS new report(To be developped),,
,,,,,,,,,,,,,second shift,,,,,,,,,,,,,,,,,,,,,,,
,,,,,,,,,,,,,additional manual lines,,,,,,,,,,,,,,,,,,,,,,,
,,,,,,,,,,,,,,,,,,,,,,,,,,,,,,,,,,,,
,,,,,,,,,,,,,,,,,,,,,,,,,,,,,,,,,,,,
,,Questions:,,,,,,Questions:,,,,,Questions:,,,,,,,,,,,,,,,,,,,,,,,
,,Outgoing. We can not assess exactly when containers or trucks are coming through the data,,,,,,,,,,,,,,,,,,,,,,,,,,,,,,,,,,
,,is Denmark os destination only for Production Orders?,,,,,,,,,,,,,,,,,,,,,,,,,,,,,,,,,,
,,,,,,,,,,,,,,,,,,,,,,,,,,,,,,,,,,,,
,,,,,,,,,,,,,,,,,,Output:,,,,,Output:,,,,,Output:,,,,,Output:,,,
,,,,,,,,,,,,,,,,,,,,,,,,,,,,,,,,,,,,
,,,,,,,,,,,,,,,,,,,,,,,,,,,,,,,,,,,,
,,Output:,,,,,,Output:,,,,,Output:,,,,,,,,,,,,,,,,,,,,,,,
,,,,,,,,,,,,,,,,,,,,,,,,,,,,,,,,,,,,
,,,,,,,,,,,,,,,,,,,,,,,,,,,,,,,,,,,,
,,,,,,,,,,,,,,,,,,,,,,,,,,,,,,,,,,,,
,,,,,,,,,,,,,,,,,,,,,,,,,,,,,,,,,,,,
,,,,,,,,,,,,,,,,,,,,,,,,,,,,,,,,,,,,
,,,,,,,,,,,,,,,,,,,,,,,,,,,,,,,,,,,,
,,,,,,,,,,,,,,,,,,,,,,,,,,,,,,,,,,,,
,,,,,,,,,,,,,,,,,,,,,,,,,,,,,,,,,,,,
,,,,,,,,,,,,,,,,,,Tools:,,,,,Tools:,,,,,Tools:,,,,,Tools:,,,
,,,,,,,,,,,,,,,,,,,,,,,,,,,,,,,,,,,,
,,,,,,,,,,,,,,,,,,,,,,,,,,,,,,,,,,,,
,,Tools:,,,,,,Tools:,,,,,Tools:,,,,,,,,,,,,,,,,,,,,,,,
