Order,Material Number,Material description,Order quantity (GMEIN),Basic start date,Basic finish date,GOS Text display for CPH production orde,Basic end date
100035977,S9999592,"2/3PP Syria Paediatric Kit,2019 S9935090",487,2026-01-01,9/1/2026,REL  PRT  PRC  BCRQ MANC SETC,2026-01-09
100036133,S9999883,Subkit 3/6 Obstetric 3-renew.S9908302,100,2026-01-01,9/1/2026,REL  PRC  BCRQ MANC SETC,2026-01-09
100036571,S9998505,"Sub 4/7 SD IMCI Med. kit, 2016",64,2026-01-01,9/1/2026,REL  PRC  BCRQ MANC SETC,2026-01-09
100036650,S9992476,"SUB 7/10 NBK, Hospital,Module 2,Consum",3,2026-01-01,9/1/2026,REL  DLV  PRC  BCRQ MANC SETC,2026-01-09
100036712,S9992587,"SUB 12/12 NBK, Hospital, Module 3, Equ",3,2026-01-01,9/1/2026,REL  DLV  PRC  MANC SETC,2026-01-09
100036759,S9992586,"SUB 2/12 NBK, Hospital, Module 3, Equ",1,2026-01-01,9/1/2026,REL  PRC  MANC SETC,2026-01-09
100036895,S9992478,"SUB 9/10 NBK, Hospital,Module 2,Consum",2,2026-01-01,9/1/2026,REL  PRC  BCRQ MANC SETC,2026-01-09
100036911,S9992481,"SUB 1/12 NBK, Hospital, Module 3, Equ",1,2026-01-01,9/1/2026,REL  PRC  BCRQ MANC SETC,2026-01-09
100036913,S9999899,"Subkit 2/2 Midwifery ,3-renew S9902219",300,2026-01-01,9/1/2026,REL  PRC  BCRQ MACM SETC,2026-01-09
100036936,S9999991,Education prepack 2 for new SIB  (I),800,2026-01-01,9/1/2026,REL  PRC  MANC SETC,2026-01-09
100037025,S9992490,"SUB 5/12 NBK, Hospital, Module 3, Equ",1,2026-01-01,9/1/2026,REL  PRC  BCRQ MANC SETC,2026-01-09
100037027,S9992488,"SUB 6/12 NBK, Hospital, Module 3, Equ",1,2026-01-01,9/1/2026,REL  PRC  BCRQ MANC SETC,2026-01-09
100037031,S9992583,"S9902480  NBK, Hospital,Module 3, S 8/12",1,2026-01-01,9/1/2026,REL  PRC  MANC SETC,2026-01-09
100037033,S9992588,"S9902480  NBK, Hospital,Module 3, S 9/12",1,2026-01-01,9/1/2026,REL  PRC  MANC SETC,2026-01-09
100037035,S9992489,"S9902480  NBK, Hospital,Module 3, S10/12",1,2026-01-01,9/1/2026,REL  PRC  BCRQ MANC SETC,2026-01-09
100037103,S7998051,"ECHO IEHK 2024,Suppl Equipment UNIT S1/2",10,2026-01-01,9/1/2026,REL  PRC  BCRQ MACM SETC,2026-01-09
100037109,S7991147,"ECHO IEHK 2024,Suppl Med Inj UNIT S 3/5",10,2026-01-01,9/1/2026,REL  PRC  BCRQ MACM SETC,2026-01-09
100035977,S9999592,"2/3PP Syria Paediatric Kit,2019 S9935090",487,2026-01-05,9/1/2026,REL  PRT  PRC  BCRQ MANC SETC,2026-01-09
100036133,S9999883,Subkit 3/6 Obstetric 3-renew.S9908302,100,2026-01-05,9/1/2026,REL  PRC  BCRQ MANC SETC,2026-01-09
100036571,S9998505,"Sub 4/7 SD IMCI Med. kit, 2016",64,2026-01-05,9/1/2026,REL  PRC  BCRQ MANC SETC,2026-01-09
100036650,S9992476,"SUB 7/10 NBK, Hospital,Module 2,Consum",3,2026-01-05,9/1/2026,REL  DLV  PRC  BCRQ MANC SETC,2026-01-09
100036712,S9992587,"SUB 12/12 NBK, Hospital, Module 3, Equ",3,2026-01-05,9/1/2026,REL  DLV  PRC  MANC SETC,2026-01-09
100036759,S9992586,"SUB 2/12 NBK, Hospital, Module 3, Equ",1,2026-01-05,9/1/2026,REL  PRC  MANC SETC,2026-01-09
100036895,S9992478,"SUB 9/10 NBK, Hospital,Module 2,Consum",2,2026-01-05,9/1/2026,REL  PRC  BCRQ MANC SETC,2026-01-09
100036911,S9992481,"SUB 1/12 NBK, Hospital, Module 3, Equ",1,2026-01-05,9/1/2026,REL  PRC  BCRQ MANC SETC,2026-01-09
100036913,S9999899,"Subkit 2/2 Midwifery ,3-renew S9902219",300,2026-01-05,9/1/2026,REL  PRC  BCRQ MACM SETC,2026-01-09
100036936,S9999991,Education prepack 2 for new SIB  (I),800,2026-01-05,9/1/2026,REL  PRC  MANC SETC,2026-01-09
100037025,S9992490,"SUB 5/12 NBK, Hospital, Module 3, Equ",1,2026-01-05,9/1/2026,REL  PRC  BCRQ MANC SETC,2026-01-09
100037027,S9992488,"SUB 6/12 NBK, Hospital, Module 3, Equ",1,2026-01-05,9/1/2026,REL  PRC  BCRQ MANC SETC,2026-01-09
100037031,S9992583,"S9902480  NBK, Hospital,Module 3, S 8/12",1,2026-01-05,9/1/2026,REL  PRC  MANC SETC,2026-01-09
100037033,S9992588,"S9902480  NBK, Hospital,Module 3, S 9/12",1,2026-01-05,9/1/2026,REL  PRC  MANC SETC,2026-01-09
100037035,S9992489,"S9902480  NBK, Hospital,Module 3, S10/12",1,2026-01-05,9/1/2026,REL  PRC  BCRQ MANC SETC,2026-01-09
100037103,S7998051,"ECHO IEHK 2024,Suppl Equipment UNIT S1/2",10,2026-01-05,9/1/2026,REL  PRC  BCRQ MACM SETC,2026-01-09
100037109,S7991147,"ECHO IEHK 2024,Suppl Med Inj UNIT S 3/5",10,2026-01-05,9/1/2026,REL  PRC  BCRQ MACM SETC,2026-01-09
100037120,S9998505,"Sub 4/7 SD IMCI Med. kit, 2016",64,2026-01-05,9/1/2026,REL  PRC  BCRQ MANC SETC,2026-01-09
100037125,S7991042,"ECHO IEHK 2024,Basic Med&Renewable S 3/3",100,2026-01-05,9/1/2026,REL  PRC  BCRQ MANC SETC,2026-01-09
100037142,S9935011,"School-in-a-carton,40 students",1600,2026-01-05,9/1/2026,REL  MSPT PRC  SETC,2026-01-09
100037149,S9992430,"SUB 16/16 NBK,Hospital,Module1 Med 16-48",2,2026-01-05,9/1/2026,REL  PRC  BCRQ MANC SETC,2026-01-09
100037163,S7991053,"ECHO IEHK 2024,Suppl Renewable UNIT S2/6",10,2026-01-05,9/1/2026,REL  PRC  BCRQ MANC SETC,2026-01-09
100037254,S9999124,AWD Periphery kit Drug S9903004,33,2026-01-05,9/1/2026,REL  PRC  CSER BCRQ MACM SETC,2026-01-09
100037255,S9999124,AWD Periphery kit Drug S9903004,33,2026-01-05,9/1/2026,REL  PRC  CSER BCRQ MACM SETC,2026-01-09
100037256,S9999124,AWD Periphery kit Drug S9903004,33,2026-01-05,9/1/2026,REL  PRC  CSER BCRQ MACM SETC,2026-01-09
100037257,S9999124,AWD Periphery kit Drug S9903004,19,2026-01-05,9/1/2026,REL  PRC  CSER BCRQ MACM SETC,2026-01-09
100037299,S9996827,"Yemen PHC kit 2025, Supp. Medicines s5/5",330,2026-01-05,9/1/2026,REL  PRC  BCRQ MACM SETC,2026-01-09
100036479,S9999143,"PP 3/3 Periphery,Renewable",15,2026-01-06,9/1/2026,REL  PRC  BCRQ MANC SETC,2026-01-09
100036583,S9908302,"Obstetric,surgical kit,suppl.3-renewable",100,2026-01-12,16/01/2026,,2026-01-16
100036752,S9901041,"IEHK 2024,Basic Malaria UNIT",130,2026-01-12,16/01/2026,,2026-01-16
100036837,S9992451,"SUB 1/5 NBK, Clinic, Module 3, Equipment",10,2026-01-12,16/01/2026,,2026-01-16
100036888,S9992414,"PP 1/2 NBK, Hospital,Module 2,Consum",5,2026-01-12,16/01/2026,,2026-01-16
100036889,S9992415,"PP 2/2 NBK, Hospital,Module 2,Consum",5,2026-01-12,16/01/2026,,2026-01-16
100036919,S9902219,"Midwifery kit,3-renewable",300,2026-01-12,16/01/2026,,2026-01-16
100036995,S9935064,"Early Childhood Dvt (ECD) kit, 2016",800,2026-01-12,16/01/2026,,2026-01-16
100037021,S9992483,"SUB 3/12 NBK, Hospital, Module 3, Equ",1,2026-01-12,16/01/2026,,2026-01-16
100037085,S9998507,"Sub 6/7 SD IMCI Med. kit, 2016",119,2026-01-12,16/01/2026,,2026-01-16
100037128,S9996800,"SUB 1/15 Yemen PHC kit 2025, Basic Medi",700,2026-01-12,16/01/2026,,2026-01-16
100037182,S9992443,"SUB 3/3 NBK, Clinic,Module 2,Consumables",4,2026-01-12,16/01/2026,,2026-01-16
100037184,S9999989,prepack 3 system-wise (not physical),800,2026-01-12,16/01/2026,,2026-01-16
100037185,S9999989,prepack 3 system-wise (not physical),800,2026-01-12,16/01/2026,,2026-01-16
100037207,S9996818,"Yemen PHC kit 2025, Consumables sub 3/3",700,2026-01-12,16/01/2026,,2026-01-16
100037322,S9996823,"Yemen PHC kit 2025, Supp. Medicines s1/5",480,2026-01-12,16/01/2026,,2026-01-16
100035915,S9999490,Sub 4/4 SD Primary Healthcare2016,724,2026-01-12,16/01/2026,REL  PRC  BCRQ MACM SETC,2026-01-16
100036475,S9975020,First aid kit class A,780,2026-01-12,16/01/2026,REL  PRC  BCRQ MACM SETC,2026-01-16
100036633,S9999975,Sub 4/10 Obstetric S9908300(i) part 4,55,2026-01-12,16/01/2026,REL  PRC  BCRQ MANC SETC,2026-01-16
100036734,S9999593,"3/3PP Syria Paediatric Kit,2019 S9935090",178,2026-01-12,16/01/2026,REL  PRT  PRC  BCRQ MANC SETC,2026-01-16
100036794,S9991148,"SUB 4/5 IEHK 2024,Suppl. Medicine Inj.",125,2026-01-12,16/01/2026,REL  PRC  BCRQ MACM SETC,2026-01-16
100036796,S9991151,"PP 2/2 LL IEHK 2024,Suppl. Medicine Inj.",250,2026-01-12,16/01/2026,REL  PRC  BCRQ MANC SETC,2026-01-16
100036918,S9999898,"Subkit 1/2 Midwifery ,3-renew S9902219",300,2026-01-12,16/01/2026,REL  PRC  BCRQ MACM SETC,2026-01-16
100037082,S7991040,"ECHO IEHK 2024,Basic Med&Renewable S 1/3",100,2026-01-12,16/01/2026,REL  PRC  BCRQ MACM SETC,2026-01-16
100037088,S9999992,First Aid kit-prepack for S9975020   (I),780,2026-01-12,16/01/2026,REL  PRC  BCRQ MACM SETC,2026-01-16
100037090,S9975020,First aid kit class A,780,2026-01-12,16/01/2026,REL  PRC  BCRQ MANC SETC,2026-01-16
100037118,S9999505,"Sub 1/7 SD IMCI Med. kit, 2016",54,2026-01-12,16/01/2026,REL  PRC  BCRQ MANC SETC,2026-01-16
100037121,S9998505,"Sub 4/7 SD IMCI Med. kit, 2016",64,2026-01-12,16/01/2026,REL  PRC  BCRQ MANC SETC,2026-01-16
100037122,S9998505,"Sub 4/7 SD IMCI Med. kit, 2016",64,2026-01-12,16/01/2026,REL  PRC  BCRQ MANC SETC,2026-01-16
100037123,S9998505,"Sub 4/7 SD IMCI Med. kit, 2016",64,2026-01-12,16/01/2026,REL  PRC  BCRQ MANC SETC,2026-01-16
100037124,S9998505,"Sub 4/7 SD IMCI Med. kit, 2016",32,2026-01-12,16/01/2026,REL  PRC  BCRQ MANC SETC,2026-01-16
100037166,S7991055,"ECHO IEHK 2024,Suppl Renewable UNIT S4/6",10,2026-01-12,16/01/2026,REL  PRC  BCRQ MANC SETC,2026-01-16
100037167,S7991056,"ECHO IEHK 2024,Suppl Renewable UNIT S5/6",10,2026-01-12,16/01/2026,REL  PRC  BCRQ MANC SETC,2026-01-16
100037168,S7991057,"ECHO IEHK 2024,Suppl Renewable UNIT S6/6",10,2026-01-12,16/01/2026,REL  PRC  BCRQ MANC SETC,2026-01-16
100037174,S7991151,"ECHO IEHK 2024,Suppl Med Inj UNIT P 2/2",20,2026-01-12,16/01/2026,REL  PRC  BCRQ MANC SETC,2026-01-16
100037205,S9996816,"Yemen PHC kit 2025, Consumables sub 1/3",700,2026-01-12,16/01/2026,REL  PRC  BCRQ MACM SETC,2026-01-16
100037206,S9996817,"Yemen PHC kit 2025, Consumables sub 2/3",700,2026-01-12,16/01/2026,REL  PRC  BCRQ MACM SETC,2026-01-16
100037216,S9992462,"SUB 2/16 NBK,Hospital, Module 1, Medicin",2,2026-01-12,16/01/2026,REL  PRC  BCRQ MACM SETC,2026-01-16
100037217,S9992463,"SUB 3/16 NBK,Hospital, Module 1, Medicin",3,2026-01-12,16/01/2026,REL  PRC  BCRQ MACM SETC,2026-01-16
100037218,S9992464,"SUB 4/16 NBK,Hospital, Module 1, Medicin",2,2026-01-12,16/01/2026,REL  PRC  BCRQ MANC SETC,2026-01-16
100037341,S9999992,First Aid kit-prepack for S9975020   (I),180,2026-01-12,16/01/2026,REL  PRC  BCRQ MANC SETC,2026-01-16
100037372,S9999987,Prepack for ECD Kits  2016,800,2026-01-12,16/01/2026,REL  PRC  MANC SETC,2026-01-16
100037374,S7993033,"AWD, Periphery kit, Renewable sub 3/3",15,2026-01-12,16/01/2026,REL  PRC  BCRQ MANC SETC,2026-01-16
100034030,S9901045,"IEHK 2024,Suppl. Med Mental Health UNIT",50,2026-01-19,23/01/2026,,2026-01-23
100035866,S9906805,"Yemen PHC kit 2025, Supp. Medicines",480,2026-01-19,23/01/2026,,2026-01-23
100035867,S9906806,"Yemen PHC kit 2025, Consumables",700,2026-01-19,23/01/2026,,2026-01-23
100036057,S9999496,"Prepack 3/3 SD,Primary Healthcare2016",709,2026-01-19,23/01/2026,,2026-01-23
100036449,S9991141,"SUB 1/4 IEHK 2024,Suppl.Medicine Oral",100,2026-01-19,23/01/2026,,2026-01-23
100036478,S9906807,"Yemen PHC kit 2025, Supp. HC Medicines",100,2026-01-19,23/01/2026,,2026-01-23
100036586,S9999591,"1/3PP Syria Paediatric Kit,2019 S9935090",623,2026-01-19,23/01/2026,,2026-01-23
100036676,S9910000,"Surg.inst.,abdominal /SET",150,2026-01-19,23/01/2026,,2026-01-23
100036678,S9999858,"Bag 2/3 Surg.inst.,abdominal S9910000",150,2026-01-19,23/01/2026,,2026-01-23
100036698,S9906805,"Yemen PHC kit 2025, Supp. Medicines",330,2026-01-19,23/01/2026,,2026-01-23
100036747,S9999147,"PP 1/1 AWD Periphery, Equipment",200,2026-01-19,23/01/2026,,2026-01-23
100036763,S9992435,"SUB 5/8 NBK, Clinic, Module 1, Medicines",5,2026-01-19,23/01/2026,,2026-01-23
100036790,S9991150,"PP 1/2 ml IEHK 2024,Suppl. Medicine Inj.",135,2026-01-19,23/01/2026,,2026-01-23
100036836,S9902450,"NBK, Clinic, Module 3, Equipment",10,2026-01-19,23/01/2026,,2026-01-23
100036885,S9902470,"NBK, Hospital, Module 2, Consumables",3,2026-01-19,23/01/2026,,2026-01-23
100036887,S9992470,"SUB 1/10 NBK, Hospital,Module 2,Consum",5,2026-01-19,23/01/2026,,2026-01-23
100036890,S9992471,"SUB 2/10 NBK, Hospital,Module 2,Consum",5,2026-01-19,23/01/2026,,2026-01-23
100036891,S9992472,"SUB 3/10 NBK, Hospital,Module 2,Consum",1,2026-01-19,23/01/2026,,2026-01-23
100036892,S9992475,"SUB 6/10 NBK, Hospital,Module 2,Consum",1,2026-01-19,23/01/2026,,2026-01-23
100036893,S9992476,"SUB 7/10 NBK, Hospital,Module 2,Consum",5,2026-01-19,23/01/2026,,2026-01-23
100036894,S9992477,"SUB 8/10 NBK, Hospital,Module 2,Consum",5,2026-01-19,23/01/2026,,2026-01-23
100036896,S9992479,"SUB 10/10 NBK, Hospital,Module 2,Consum",5,2026-01-19,23/01/2026,,2026-01-23
100036906,S9902430,"NBK, Clinic, Module 1, Medicines",5,2026-01-19,23/01/2026,,2026-01-23
100036999,S9999504,"Prepack 1/1 Sudan IMCI Med. kit, 2016",387,2026-01-19,23/01/2026,,2026-01-23
100037000,S9998506,"Sub 5/7 SD IMCI Med. kit, 2016",256,2026-01-19,23/01/2026,,2026-01-23
100037001,S9998507,"Sub 6/7 SD IMCI Med. kit, 2016",137,2026-01-19,23/01/2026,,2026-01-23
100037045,S9991142,"SUB 2/4 IEHK 2024,Suppl.Medicine Oral",100,2026-01-19,23/01/2026,,2026-01-23
100037046,S9991143,"SUB 3/4 IEHK 2024,Suppl.Medicine Oral",150,2026-01-19,23/01/2026,,2026-01-23
100037091,S9975020,First aid kit class A,780,2026-01-19,23/01/2026,,2026-01-23
100037092,S9975020,First aid kit class A,780,2026-01-19,23/01/2026,,2026-01-23
100037129,S9996801,"SUB 2/15 Yemen PHC kit 2025, Basic Medi",700,2026-01-19,23/01/2026,,2026-01-23
100037130,S9996802,"SUB 3/15 Yemen PHC kit 2025, Basic Medi",700,2026-01-19,23/01/2026,,2026-01-23
100037132,S9996804,"SUB 5/15 Yemen PHC kit 2025, Basic Medi",700,2026-01-19,23/01/2026,,2026-01-23
100037133,S9996805,"SUB 6/15 Yemen PHC kit 2025, Basic Medi",700,2026-01-19,23/01/2026,,2026-01-23
100037134,S9996806,"SUB 7/15 Yemen PHC kit 2025, Basic Medi",700,2026-01-19,23/01/2026,,2026-01-23
100037135,S9996811,"SUB 8/15 Yemen PHC kit 2025, Basic Medi",700,2026-01-19,23/01/2026,,2026-01-23
100037136,S9996812,"SUB 10/15 Yemen PHC kit 2025, Basic Medi",700,2026-01-19,23/01/2026,,2026-01-23
100037138,S9996813,"SUB 11/15 Yemen PHC kit 2025, Basic Medi",700,2026-01-19,23/01/2026,,2026-01-23
100037139,S9996814,"SUB 12/15 Yemen PHC kit 2025, Basic Medi",700,2026-01-19,23/01/2026,,2026-01-23
100037153,S9999124,AWD Periphery kit Drug S9903004,33,2026-01-19,23/01/2026,,2026-01-23
100037154,S9999124,AWD Periphery kit Drug S9903004,14,2026-01-19,23/01/2026,,2026-01-23
100037157,S9903004,AWD Periphery kit Drug,160,2026-01-19,23/01/2026,,2026-01-23
100037179,S9902460,"NBK, Hospital, Module 1, Medicines",5,2026-01-19,23/01/2026,,2026-01-23
100037200,S9996815,"SUB 13/15 Yemen PHC kit 2025, Basic Medi",700,2026-01-19,23/01/2026,,2026-01-23
100037201,S9996820,"SUB 14/15 Yemen PHC kit 2025, Basic Medi",700,2026-01-19,23/01/2026,,2026-01-23
100037202,S9996821,"SUB 15/15 Yemen PHC kit 2025, Basic Medi",700,2026-01-19,23/01/2026,,2026-01-23
100037228,S9992469,"SUB 9/16 NBK,Hospital, Module 1, Medicin",3,2026-01-19,23/01/2026,,2026-01-23
100037231,S9992561,"SUB 11/16 NBK,Hospital,Module 1, Medicin",3,2026-01-19,23/01/2026,,2026-01-23
100037232,S9992562,"SUB 12/16 NBK,Hospital,Module 1, Medicin",3,2026-01-19,23/01/2026,,2026-01-23
100037282,S9999844,"Subkit 4/4 S9902217 Midwifery kit,1-drug",200,2026-01-19,23/01/2026,,2026-01-23
100037294,S9999124,AWD Periphery kit Drug S9903004,33,2026-01-19,23/01/2026,,2026-01-23
100037324,S9996824,"Yemen PHC kit 2025, Supp. Medicines s2/5",480,2026-01-19,23/01/2026,,2026-01-23
100037326,S9996825,"Yemen PHC kit 2025, Supp. Medicines s3/5",480,2026-01-19,23/01/2026,,2026-01-23
100037328,S9996826,"Yemen PHC kit 2025, Supp. Medicines s4/5",480,2026-01-19,23/01/2026,,2026-01-23
100037330,S9996827,"Yemen PHC kit 2025, Supp. Medicines s5/5",480,2026-01-19,23/01/2026,,2026-01-23
100037355,S9991144,"SUB 4/4 IEHK 2024,Suppl.Medicine Oral",100,2026-01-19,23/01/2026,,2026-01-23
100036059,S9999493,"Sub 3/4 , SD Primary Healthcare2016",235,2026-01-19,23/01/2026,REL  PRC  BCRQ MACM SETC,2026-01-23
100036634,S9999973,Sub 5/10 Obstetric S9908300(i) part 5,80,2026-01-19,23/01/2026,REL  PRC  BCRQ MANC SETC,2026-01-23
100036677,S9999857,"Bag 1/3 Surg.inst.,abdominal S9910000",150,2026-01-19,23/01/2026,REL  PRC  MANC SETC,2026-01-23
100036679,S9999859,"Bag 3/3 Surg.inst.,abdominal S9910000",150,2026-01-19,23/01/2026,REL  PRC  MANC SETC,2026-01-23
100036724,S9999974,Sub 10/10 Obstetric S9908300 part 10-42,24,2026-01-19,23/01/2026,REL  PRC  BCRQ MANC SETC,2026-01-23
100036762,S9992434,"SUB 4/8 NBK, Clinic, Module 1, Medicines",5,2026-01-19,23/01/2026,REL  PRC  BCRQ MANC SETC,2026-01-23
100036764,S9992436,"SUB 6/8 NBK, Clinic, Module 1, Medicines",5,2026-01-19,23/01/2026,REL  PRC  BCRQ MANC SETC,2026-01-23
100036765,S9992437,"SUB 7/8 NBK, Clinic, Module 1, Medicines",5,2026-01-19,23/01/2026,REL  PRC  BCRQ MANC SETC,2026-01-23
100036838,S9992452,"SUB 2/5 NBK, Clinic, Module 3, Equipment",10,2026-01-19,23/01/2026,REL  PRC  BCRQ MANC SETC,2026-01-23
100036839,S9992453,"SUB 3/5 NBK, Clinic, Module 3, Equipment",10,2026-01-19,23/01/2026,REL  PRC  BCRQ MANC SETC,2026-01-23
100036860,S9901046,"IEHK 2024,Suppl Medicine Controlled UNIT",30,2026-01-19,23/01/2026,REL  PRC  BCRQ MANC SETC,2026-01-23
100036869,S9992433,"SUB 3/8 NBK, Clinic, Module 1, Medicines",3,2026-01-19,23/01/2026,REL  PRC  BCRQ MANC SETC,2026-01-23
100036900,S9992454,"SUB 4/5 NBK, Clinic, Module 3, Equipment",10,2026-01-19,23/01/2026,REL  PRC  BCRQ MANC SETC,2026-01-23
100036901,S9992458,"NBK, Clinic, Module 3,Equipment S9902450",10,2026-01-19,23/01/2026,REL  PRC  MANC SETC,2026-01-23
100036907,S9992432,"SUB 2/8 NBK, Clinic, Module 1, Medicines",5,2026-01-19,23/01/2026,REL  PRC  BCRQ MANC SETC,2026-01-23
100037110,S7991148,"ECHO IEHK 2024,Suppl Med Inj UNIT S 4/5",10,2026-01-19,23/01/2026,REL  PRC  BCRQ MANC SETC,2026-01-23
100037164,S7991054,"ECHO IEHK 2024,Suppl Renewable UNIT S3/6",10,2026-01-19,23/01/2026,REL  PRC  BCRQ MACM SETC,2026-01-23
100037172,S9999861,"Bag 1/2 for S9908400 Resuscit.kit,basic",600,2026-01-19,23/01/2026,REL  PRC  BCRQ MACM SETC,2026-01-23
100037173,S9999862,"Bag 2/2 for S9908400 Resuscit.kit,basic",600,2026-01-19,23/01/2026,REL  PRC  BCRQ MACM SETC,2026-01-23
100037180,S9992441,"SUB 1/3 NBK, Clinic,Module 2,Consumables",6,2026-01-19,23/01/2026,REL  PRC  BCRQ MANC SETC,2026-01-23
100037181,S9992442,"SUB 2/3 NBK, Clinic,Module 2,Consumables",6,2026-01-19,23/01/2026,REL  PRC  BCRQ MANC SETC,2026-01-23
100037208,S9996808,"S 1/2 S9996807 Yemen PHC kit 2025,Medi",100,2026-01-19,23/01/2026,REL  PRT  PRC  BCRQ MANC SETC,2026-01-23
100037215,S9910006,"Surg.inst.,exam/sut,vaginal/cervical/SET",500,2026-01-19,23/01/2026,REL  PRC  MANC SETC,2026-01-23
100037222,S9992463,"SUB 3/16 NBK,Hospital, Module 1, Medicin",2,2026-01-19,23/01/2026,REL  PRC  BCRQ MACM SETC,2026-01-23
100037260,S9999974,Sub 10/10 Obstetric S9908300 part 10-42,24,2026-01-19,23/01/2026,REL  PRC  BCRQ MANC SETC,2026-01-23
100037356,S9999974,Sub 10/10 Obstetric S9908300 part 10-42,24,2026-01-19,23/01/2026,REL  PRC  BCRQ MACM SETC,2026-01-23
100037383,S9999974,Sub 10/10 Obstetric S9908300 part 10-42,8,2026-01-19,23/01/2026,REL  PRC  BCRQ MACM SETC,2026-01-23
100037384,S9991051,"IEHK 2024,Suppl. Malaria UNIT SUB 4/4",60,2026-01-19,23/01/2026,REL  PRC  BCRQ MANC SETC,2026-01-23
100035912,S9999492,"Sub 2/4 , SD Primary Healthcare2016",765,2026-01-26,30/01/2026,,2026-01-30
100036054,S9906712,"SD, Primary Healthcare kit, 2016",56,2026-01-26,30/01/2026,,2026-01-30
100036271,S9999491,"Sub 1/4, SD SD,Primary Healthcare2016",709,2026-01-26,30/01/2026,,2026-01-30
100036332,S9935090,"Syria Paediatric Kit, 2019",367,2026-01-26,30/01/2026,,2026-01-30
100036746,S9903002,"AWD, Periphery kit, Equipment",200,2026-01-26,30/01/2026,,2026-01-30
100036753,S9910003,"Surg.inst.,delivery /SET",1200,2026-01-26,30/01/2026,,2026-01-30
100036792,S9991146,"SUB 2/5 IEHK 2024,Suppl. Medicine Inj.",125,2026-01-26,30/01/2026,,2026-01-30
100036793,S9991147,"SUB 3/5 IEHK 2024,Suppl. Medicine Inj.",125,2026-01-26,30/01/2026,,2026-01-30
100036795,S9991149,"IEHK 2024,Suppl. Medicine Inj. S9901044",125,2026-01-26,30/01/2026,,2026-01-30
100036797,S9901048,"IEHK 2024,Suppl. Malaria UNIT",60,2026-01-26,30/01/2026,,2026-01-30
100036886,S9902470,"NBK, Hospital, Module 2, Consumables",5,2026-01-26,30/01/2026,,2026-01-30
100036963,S9910001,"Surg.inst.,basic surgery /SET",340,2026-01-26,30/01/2026,,2026-01-30
100037017,S9991045,"PP 2/2 IEHK 2024,Basic Medicine&Renewabl",250,2026-01-26,30/01/2026,,2026-01-30
100037044,S9901043,"IEHK 2024,Suppl. Medicine Oral UNIT",100,2026-01-26,30/01/2026,,2026-01-30
100037058,S9991045,"PP 2/2 IEHK 2024,Basic Medicine&Renewabl",150,2026-01-26,30/01/2026,,2026-01-30
100037059,S9902440,"NBK, Clinic, Module 2, Consumables",6,2026-01-26,30/01/2026,,2026-01-30
100037093,S9903004,AWD Periphery kit Drug,80,2026-01-26,30/01/2026,,2026-01-30
100037160,S9999507,"Sub 3/7 SD IMCI Med. kit, 2016",387,2026-01-26,30/01/2026,,2026-01-30
100037171,S9908402,"Resuscitation kit,basic",240,2026-01-26,30/01/2026,,2026-01-30
100037214,S9908305,"Obstetric,surgical kit,suppl.2-equipment",150,2026-01-26,30/01/2026,,2026-01-30
100037238,S9991059,"PP 2/2 IEHK 2024,Suppl. Renewable UNIT",200,2026-01-26,30/01/2026,,2026-01-30
100037239,S9991058,"PP 1/2 IEHK 2024,Suppl. Renewable UNIT",200,2026-01-26,30/01/2026,,2026-01-30
100037280,S9998053,"PP 1/1 IEHK 2024,Suppl. Equipment UNIT",20,2026-01-26,30/01/2026,,2026-01-30
100037283,S9999843,"Subkit 3/4 S9902217 Midwifery kit,1-drug",200,2026-01-26,30/01/2026,,2026-01-30
100037284,S9999842,"Subkit 2/4 S9902217 Midwifery kit,1-drug",200,2026-01-26,30/01/2026,,2026-01-30
100037285,S9999841,"Subkit 1/4 S9902217 Midwifery kit,1-drug",200,2026-01-26,30/01/2026,,2026-01-30
100036609,S9935097,"School-in-a-box,40 students",800,2026-01-26,30/01/2026,REL  PRC  MACM SETC,2026-01-30
100036798,S9991048,"IEHK 2024,Suppl. Malaria UNIT SUB 1/4",60,2026-01-26,30/01/2026,REL  PRC  BCRQ MANC SETC,2026-01-30
100036925,S9991049,"IEHK 2024,Suppl. Malaria UNIT SUB 2/4",60,2026-01-26,30/01/2026,REL  PRC  BCRQ MANC SETC,2026-01-30
100036926,S9991050,"IEHK 2024,Suppl. Malaria UNIT SUB 3/4",60,2026-01-26,30/01/2026,REL  PRC  BCRQ MANC SETC,2026-01-30
100036979,S9999991,Education prepack 2 for new SIB  (I),800,2026-01-26,30/01/2026,REL  PRC  MANC SETC,2026-01-30
100037023,S9992484,"SUB 4/12 NBK, Hospital, Module 3, Equ",1,2026-01-26,30/01/2026,REL  PRC  BCRQ MANC SETC,2026-01-30
100037373,S9999991,Education prepack 2 for new SIB  (I),800,2026-01-26,30/01/2026,REL  PRC  MANC SETC,2026-01-30
100035604,S9906712,"SD, Primary Healthcare kit, 2016",709,2026-02-02,6/2/2026,,2026-02-06
100036333,S9999591,"1/3PP Syria Paediatric Kit,2019 S9935090",792,2026-02-02,6/3/2026,,2026-03-06
100036481,S9999144,"AWD SUB 1/3 Periphery,Renewable",300,2026-02-02,6/2/2026,,2026-02-06
100036599,S9999945,"Prepack 2/2 Obstetric,surgical kit,suppl",80,2026-02-02,6/2/2026,,2026-02-06
100036638,S9908300,"Obstetric,surgical kit,suppl.1-drugs",80,2026-02-02,6/2/2026,,2026-02-06
100036721,S9999995,Sub 1/10 Obstetric S9908300(i) part 1,80,2026-02-02,6/2/2026,,2026-02-06
100036791,S9991145,"SUB 1/5 IEHK 2024,Suppl. Medicine Inj.",125,2026-02-02,6/2/2026,,2026-02-06
100036810,S9996722,DRC Measles Kit 2021 SUB 2/5,40,2026-02-02,6/2/2026,,2026-02-06
100036811,S9996721,DRC Measles Kit 2021 SUB 1/5,40,2026-02-02,6/2/2026,,2026-02-06
100036812,S9996723,DRC Measles Kit 2021 SUB 3/5,40,2026-02-02,6/2/2026,,2026-02-06
100036813,S9996724,DRC Measles Kit 2021 SUB 4/5,40,2026-02-02,6/2/2026,,2026-02-06
100036814,S9996725,DRC Measles Kit 2021 SUB 5/5,29,2026-02-02,6/2/2026,,2026-02-06
100036861,S9901041,"IEHK 2024,Basic Malaria UNIT",100,2026-02-02,6/2/2026,,2026-02-06
100037042,S9991042,"IEHK 2024,Basic Medicine&Renewabl SUB2/3",150,2026-02-02,6/2/2026,,2026-02-06
100037043,S9991043,"IEHK 2024,Basic Medicine&Renewabl SUB3/3",150,2026-02-02,6/2/2026,,2026-02-06
100037056,S9991041,"IEHK 2024,Basic Medicine&Renewabl SUB1/3",150,2026-02-02,6/2/2026,,2026-02-06
100037221,S9992462,"SUB 2/16 NBK,Hospital, Module 1, Medicin",6,2026-02-02,6/2/2026,,2026-02-06
100037223,S9992464,"SUB 4/16 NBK,Hospital, Module 1, Medicin",6,2026-02-02,6/2/2026,,2026-02-06
100037226,S9992467,"SUB 7/16 NBK,Hospital, Module 1, Medicin",6,2026-02-02,6/2/2026,,2026-02-06
100037229,S9992460,"SUB 10/16 NBK,Hospital, Module 1,Medicin",6,2026-02-02,6/2/2026,,2026-02-06
100037230,S9992430,"SUB 16/16 NBK,Hospital,Module1 Med 16-48",6,2026-02-02,6/2/2026,,2026-02-06
100037233,S9992563,"SUB 13/16 NBK,Hospital,Module 1, Medicin",6,2026-02-02,6/2/2026,,2026-02-06
100037234,S9992564,"SUB 14/16 NBK,Hospital,Module 1, Medicin",6,2026-02-02,6/2/2026,,2026-02-06
100037235,S9992565,"SUB 15/16 NBK,Hospital,Module 1, Medicin",6,2026-02-02,6/2/2026,,2026-02-06
100037237,S9991052,"SUB 1/6 IEHK 2024,Suppl. Renewable UNIT",200,2026-02-02,6/2/2026,,2026-02-06
100037259,S9998051,"sub 1/2 IEHK 2024,Suppl. Equipment UNIT",20,2026-02-02,6/2/2026,,2026-02-06
100037281,S9998052,"sub 2/2 IEHK 2024,Suppl. Equipment UNIT",20,2026-02-02,6/2/2026,,2026-02-06
100037289,S9910006,"Surg.inst.,exam/sut,vaginal/cervical/SET",120,2026-02-02,6/2/2026,,2026-02-06
100037300,S9991054,"SUB 3/6 IEHK 2024,Suppl. Renewable UNIT",200,2026-02-02,6/2/2026,,2026-02-06
100037301,S9991055,"SUB 4/6 IEHK 2024,Suppl. Renewable UNIT",200,2026-02-02,6/2/2026,,2026-02-06
100037302,S9991056,"SUB 5/6 IEHK 2024,Suppl. Renewable UNIT",200,2026-02-02,6/2/2026,,2026-02-06
100037303,S9991057,"SUB 6/6 IEHK 2024,Suppl. Renewable UNIT",200,2026-02-02,6/2/2026,,2026-02-06
100037304,S9996822,"SUB 9/15 Yemen PHC kit 2025, Basic Medi",700,2026-02-02,6/2/2026,,2026-02-06
100037335,S9999941,Prepack 1/3Midwifery-renewable S9902219,400,2026-02-02,6/2/2026,,2026-02-06
100037336,S9999942,Prepack 2/3Midwifery-renewable S9902219,400,2026-02-02,6/2/2026,,2026-02-06
100037337,S9999940,Prepack 3/3Midwifery-renewable S9902219,400,2026-02-02,6/2/2026,,2026-02-06
100037339,S9999299,"BAG for 50 x S0322010 CH12,ster,disp",400,2026-02-02,6/2/2026,,2026-02-06
100037361,S9992463,"SUB 3/16 NBK,Hospital, Module 1, Medicin",2,2026-02-02,6/2/2026,,2026-02-06
100037363,S9992465,"SUB 5/16 NBK,Hospital, Module 1, Medicin",6,2026-02-02,6/2/2026,,2026-02-06
100037364,S9992468,"SUB 8/16 NBK,Hospital, Module 1, Medicin",1,2026-02-02,6/2/2026,,2026-02-06
100037365,S9992469,"SUB 9/16 NBK,Hospital, Module 1, Medicin",3,2026-02-02,6/2/2026,,2026-02-06
100037366,S9992561,"SUB 11/16 NBK,Hospital,Module 1, Medicin",3,2026-02-02,6/2/2026,,2026-02-06
100037367,S9992562,"SUB 12/16 NBK,Hospital,Module 1, Medicin",3,2026-02-02,6/2/2026,,2026-02-06
100036808,S9906729,DRC Measles Kit 2021,40,2026-02-09,13/02/2026,,2026-02-13
100036852,S9999146,"AWD SUB 3/3 Periphery,Renewable",300,2026-02-09,13/02/2026,,2026-02-13
100037057,S9901040,"IEHK 2024,Basic Medicine&Renewable UNIT",150,2026-02-09,13/02/2026,,2026-02-13
100037097,S9999127,AWD Periphery kit Drug S9903004 sub 4/4,100,2026-02-09,13/02/2026,,2026-02-13
100037156,S9999124,AWD Periphery kit Drug S9903004,100,2026-02-09,13/02/2026,,2026-02-13
100037189,S9991150,"PP 1/2 ml IEHK 2024,Suppl. Medicine Inj.",200,2026-02-09,13/02/2026,,2026-02-13
100037194,S9991151,"PP 2/2 LL IEHK 2024,Suppl. Medicine Inj.",400,2026-02-09,13/02/2026,,2026-02-13
100037197,S9999944,"Prepack 1/2 Obstetric,surgical kit,suppl",50,2026-02-09,13/02/2026,,2026-02-13
100037198,S9999994,Sub 2/10 Obstetric S9908300(i) part 2,50,2026-02-09,13/02/2026,,2026-02-13
100037211,S9999143,"PP 3/3 Periphery,Renewable",300,2026-02-09,13/02/2026,,2026-02-13
100037212,S9999138,PP 2/3 (old 2/7)Periphery Renewable,300,2026-02-09,13/02/2026,,2026-02-13
100037213,S9999137,PP 1/3 (old 1/7)Periphery Renew S9903003,300,2026-02-09,13/02/2026,,2026-02-13
100037236,S9901050,"IEHK 2024,Suppl. Renewable UNIT",200,2026-02-09,13/02/2026,,2026-02-13
100037258,S9901051,"IEHK 2024,Suppl. Equipment UNIT",20,2026-02-09,13/02/2026,,2026-02-13
100037267,S9999945,"Prepack 2/2 Obstetric,surgical kit,suppl",50,2026-02-09,13/02/2026,,2026-02-13
100037286,S9902217,"Midwifery kit,1-drugs",200,2026-02-09,13/02/2026,,2026-02-13
100037291,S9999857,"Bag 1/3 Surg.inst.,abdominal S9910000",60,2026-02-09,13/02/2026,,2026-02-13
100037292,S9999858,"Bag 2/3 Surg.inst.,abdominal S9910000",60,2026-02-09,13/02/2026,,2026-02-13
100037293,S9999859,"Bag 3/3 Surg.inst.,abdominal S9910000",60,2026-02-09,13/02/2026,,2026-02-13
100037334,S9999898,"Subkit 1/2 Midwifery ,3-renew S9902219",400,2026-02-09,13/02/2026,,2026-02-13
100037338,S9999899,"Subkit 2/2 Midwifery ,3-renew S9902219",400,2026-02-09,13/02/2026,,2026-02-13
100036482,S9999145,"AWD SUB 2/3 Periphery,Renewable",300,2026-02-16,20/02/2026,,2026-02-20
100036549,S9935080,Arabic Student Kit Grade 1-4,792,2026-02-16,20/02/2026,,2026-02-20
100036550,S9935081,Arabic Student Kit Grade 5-8,810,2026-02-16,20/02/2026,,2026-02-20
100036585,S9999591,"1/3PP Syria Paediatric Kit,2019 S9935090",664,2026-02-16,20/02/2026,,2026-02-20
100036616,S9994921,"IEHK 2024,Suppl. PEP Unit sub1/3 Child",40,2026-02-16,20/02/2026,,2026-02-20
100036617,S9994922,"IEHK 2024,Suppl. PEP Unit sub2/3 Adult",40,2026-02-16,20/02/2026,,2026-02-20
100036851,S9903003,"AWD, Periphery kit, Renewable",300,2026-02-16,20/02/2026,,2026-02-20
100036943,S9994923,"IEHK 2024,Suppl. PEP Unit sub3/3 Adult",40,2026-02-16,20/02/2026,,2026-02-20
100036972,S9999990,Education prepack 1 for new SIB  (I),800,2026-02-16,20/02/2026,,2026-02-20
100036973,S9999990,Education prepack 1 for new SIB  (I),800,2026-02-16,20/02/2026,,2026-02-20
100036974,S9999990,Education prepack 1 for new SIB  (I),800,2026-02-16,20/02/2026,,2026-02-20
100036975,S9999990,Education prepack 1 for new SIB  (I),800,2026-02-16,20/02/2026,,2026-02-20
100036976,S9999990,Education prepack 1 for new SIB  (I),800,2026-02-16,20/02/2026,,2026-02-20
100036977,S9999990,Education prepack 1 for new SIB  (I),800,2026-02-16,20/02/2026,,2026-02-20
100036978,S9999990,Education prepack 1 for new SIB  (I),800,2026-02-16,20/02/2026,,2026-02-20
100036980,S9999989,prepack 3 system-wise (not physical),13800,2026-02-16,20/02/2026,,2026-02-20
100037002,S9999990,Education prepack 1 for new SIB  (I),800,2026-02-16,20/02/2026,,2026-02-20
100037003,S9999990,Education prepack 1 for new SIB  (I),800,2026-02-16,20/02/2026,,2026-02-20
100037004,S9999990,Education prepack 1 for new SIB  (I),800,2026-02-16,20/02/2026,,2026-02-20
100037005,S9999990,Education prepack 1 for new SIB  (I),800,2026-02-16,20/02/2026,,2026-02-20
100037006,S9999990,Education prepack 1 for new SIB  (I),800,2026-02-16,20/02/2026,,2026-02-20
100037007,S9999990,Education prepack 1 for new SIB  (I),800,2026-02-16,20/02/2026,,2026-02-20
100037008,S9999990,Education prepack 1 for new SIB  (I),800,2026-02-16,20/02/2026,,2026-02-20
100037009,S9999990,Education prepack 1 for new SIB  (I),800,2026-02-16,20/02/2026,,2026-02-20
100037010,S9999990,Education prepack 1 for new SIB  (I),800,2026-02-16,20/02/2026,,2026-02-20
100037011,S9999990,Education prepack 1 for new SIB  (I),800,2026-02-16,20/02/2026,,2026-02-20
100037012,S9999990,Education prepack 1 for new SIB  (I),800,2026-02-16,20/02/2026,,2026-02-20
100037095,S9999125,AWD Periphery kit Drug S9903004 sub 2/4,100,2026-02-16,20/02/2026,,2026-02-20
100037096,S9999126,AWD Periphery kit Drug S9903004 sub 3/4,100,2026-02-16,20/02/2026,,2026-02-20
100037152,S9906713,"SD, IMCI Medicine kit, 2016",387,2026-02-16,20/02/2026,,2026-02-20
100037155,S9903004,AWD Periphery kit Drug,100,2026-02-16,20/02/2026,,2026-02-20
100037192,S9991148,"SUB 4/5 IEHK 2024,Suppl. Medicine Inj.",200,2026-02-16,20/02/2026,,2026-02-20
100037193,S9991149,"IEHK 2024,Suppl. Medicine Inj. S9901044",200,2026-02-16,20/02/2026,,2026-02-20
100037196,S9999995,Sub 1/10 Obstetric S9908300(i) part 1,50,2026-02-16,20/02/2026,,2026-02-20
100037199,S9999993,Sub 3/10 Obstetric S9908300(i) part 3,50,2026-02-16,20/02/2026,,2026-02-20
100037241,S9999131,"Sub 1/6 AWD Kit, Periphery kit,Logistics",25,2026-02-16,20/02/2026,,2026-02-20
100037242,S9999132,"Sub 2/6 AWD Kit, Periphery kit,Logistics",25,2026-02-16,20/02/2026,,2026-02-20
100037243,S9999133,"Sub 3/6 AWD Kit, Periphery kit,Logistics",25,2026-02-16,20/02/2026,,2026-02-20
100037244,S9999134,"Sub 4/6 AWD Kit, Periphery kit,Logistics",25,2026-02-16,20/02/2026,,2026-02-20
100037245,S9999135,"Sub 5/6 AWD Kit, Periphery kit,Logistics",25,2026-02-16,20/02/2026,,2026-02-20
100037246,S9999136,"Sub 6/6 AWD Kit, Periphery kit,Logistics",25,2026-02-16,20/02/2026,,2026-02-20
100037247,S9902440,"NBK, Clinic, Module 2, Consumables",20,2026-02-16,20/03/2026,,2026-03-20
100037261,S9999975,Sub 4/10 Obstetric S9908300(i) part 4,50,2026-02-16,20/02/2026,,2026-02-20
100037262,S9999973,Sub 5/10 Obstetric S9908300(i) part 5,50,2026-02-16,20/02/2026,,2026-02-20
100037263,S9999972,Sub 6/10 Obstetric S9908300(i) part 6,40,2026-02-16,20/02/2026,,2026-02-20
100037264,S9999976,Sub 7/10 Obstetric S9908300(i) part 7,50,2026-02-16,20/02/2026,,2026-02-20
100037265,S9999977,Sub 8/10 Obstetric S9908300(i) part 8,50,2026-02-16,20/02/2026,,2026-02-20
100037266,S9999971,Sub 9/10 Obstetric S9908300(i) part 9,50,2026-02-16,20/02/2026,,2026-02-20
100037268,S9901044,"IEHK 2024,Suppl. Medicine Inj. UNIT",125,2026-02-16,20/02/2026,,2026-02-20
100037290,S9910000,"Surg.inst.,abdominal /SET",60,2026-02-16,20/02/2026,,2026-02-20
100037333,S9902219,"Midwifery kit,3-renewable",400,2026-02-16,20/02/2026,,2026-02-20
100037360,S9902460,"NBK, Hospital, Module 1, Medicines",6,2026-02-16,20/02/2026,,2026-02-20
100036334,S9999592,"2/3PP Syria Paediatric Kit,2019 S9935090",792,2026-02-23,27/02/2026,,2026-02-27
100036459,S9999495,"Prepack 2/3 SD,Primary Healthcare2016",229,2026-02-23,27/02/2026,,2026-02-27
100036473,S9999593,"3/3PP Syria Paediatric Kit,2019 S9935090",792,2026-02-23,27/02/2026,,2026-02-27
100036584,S9935090,"Syria Paediatric Kit, 2019",250,2026-02-23,27/02/2026,,2026-02-27
100036618,S9999593,"3/3PP Syria Paediatric Kit,2019 S9935090",250,2026-02-23,27/02/2026,,2026-02-27
100036619,S9999592,"2/3PP Syria Paediatric Kit,2019 S9935090",250,2026-02-23,27/02/2026,,2026-02-27
100036912,S9992481,"SUB 1/12 NBK, Hospital, Module 3, Equ",3,2026-02-23,27/02/2026,,2026-02-27
100036942,S9901049,"IEHK 2024,Suppl. PEP Unit",40,2026-02-23,27/02/2026,,2026-02-27
100036969,S9935011,"School-in-a-carton,40 students",7800,2026-02-23,27/02/2026,,2026-02-27
100037020,S9992586,"SUB 2/12 NBK, Hospital, Module 3, Equ",3,2026-02-23,27/02/2026,,2026-02-27
100037022,S9992483,"SUB 3/12 NBK, Hospital, Module 3, Equ",3,2026-02-23,27/02/2026,,2026-02-27
100037024,S9992484,"SUB 4/12 NBK, Hospital, Module 3, Equ",3,2026-02-23,27/02/2026,,2026-02-27
100037026,S9992490,"SUB 5/12 NBK, Hospital, Module 3, Equ",3,2026-02-23,27/02/2026,,2026-02-27
100037028,S9992488,"SUB 6/12 NBK, Hospital, Module 3, Equ",3,2026-02-23,27/02/2026,,2026-02-27
100037030,S9992589,"S9902480  NBK, Hospital,Module 3, S 7/12",3,2026-02-23,27/02/2026,,2026-02-27
100037032,S9992583,"S9902480  NBK, Hospital,Module 3, S 8/12",3,2026-02-23,27/02/2026,,2026-02-27
100037034,S9992588,"S9902480  NBK, Hospital,Module 3, S 9/12",3,2026-02-23,27/02/2026,,2026-02-27
100037036,S9992489,"S9902480  NBK, Hospital,Module 3, S10/12",3,2026-02-23,27/02/2026,,2026-02-27
100037038,S9992459,"SUB 11/12 NBK, Hospital, Module 3, Equ",3,2026-02-23,27/02/2026,,2026-02-27
100037040,S9992587,"SUB 12/12 NBK, Hospital, Module 3, Equ",3,2026-02-23,27/02/2026,,2026-02-27
100037131,S9996803,"SUB 4/15 Yemen PHC kit 2025, Basic Medi",700,2026-02-23,27/02/2026,,2026-02-27
100037190,S9991146,"SUB 2/5 IEHK 2024,Suppl. Medicine Inj.",200,2026-02-23,27/02/2026,,2026-02-27
100037195,S9908300,"Obstetric,surgical kit,suppl.1-drugs",50,2026-02-23,27/02/2026,,2026-02-27
100037240,S9903001,"AWD Kit, Periphery kit, Logistics Part",25,2026-02-23,27/02/2026,,2026-02-27
100037321,S9906804,"Yemen PHC kit 2025, Basic Medicines",700,2026-02-23,27/02/2026,,2026-02-27
100037323,S9996823,"Yemen PHC kit 2025, Supp. Medicines s1/5",220,2026-02-23,27/02/2026,,2026-02-27
100037325,S9996824,"Yemen PHC kit 2025, Supp. Medicines s2/5",220,2026-02-23,27/02/2026,,2026-02-27
100037327,S9996825,"Yemen PHC kit 2025, Supp. Medicines s3/5",220,2026-02-23,27/02/2026,,2026-02-27
100037329,S9996826,"Yemen PHC kit 2025, Supp. Medicines s4/5",220,2026-02-23,27/02/2026,,2026-02-27
100037331,S9996827,"Yemen PHC kit 2025, Supp. Medicines s5/5",220,2026-02-23,27/02/2026,,2026-02-27
100037368,S9999991,Education prepack 2 for new SIB  (I),3000,2026-02-23,27/02/2026,,2026-02-27
100036560,S9999496,"Prepack 3/3 SD,Primary Healthcare2016",229,2026-03-02,6/3/2026,,2026-03-06
100036563,S9999494,"Prepack 1/3 SD,Primary Healthcare2016",229,2026-03-02,6/3/2026,,2026-03-06
100036910,S9902480,"NBK, Hospital, Module 3, Equipment",3,2026-03-02,6/3/2026,,2026-03-06
100037188,S9991145,"SUB 1/5 IEHK 2024,Suppl. Medicine Inj.",200,2026-03-02,6/3/2026,,2026-03-06
100037191,S9991147,"SUB 3/5 IEHK 2024,Suppl. Medicine Inj.",200,2026-03-02,13/03/2026,,2026-03-13
100037204,S9906805,"Yemen PHC kit 2025, Supp. Medicines",220,2026-03-02,6/3/2026,,2026-03-06
