Kit,Description,Kit per day,Humanizer,UNICEF staff,Paid work hours per day,Humanizer hours,UNICEF hours,Total Hours,Hourly rate  humanizer staff in USD,Hourly rate UNICEF staff in USD,Cost for humanizer for 800 kits ,Cost for UNICEF staff for 800 kits,Total cost,Hours per kit,Cost for subkit/prepack/Kits
S7901040,"ECHO IEHK 2024,Basic Med&Renewable UNIT",,,,,0.00,0,0.00,,,0,0,0,#DIV/0!,#DIV/0!
S7901042,"ECHO IEHK 2024,Basic Equipment UNIT",800,5,2,78.5,392.50,157,549.50,25.87,30,10153.975,4710,14863.975,0.686875,18.57996875
S7901044,"ECHO IEHK 2024,Suppl Med Inj UNIT",,,,,0.00,0,0.00,,,0,0,0,#DIV/0!,#DIV/0!
S7901045,"ECHO IEHK 2024,Suppl Mental Health UNIT",800,6,1,77.5,465.00,77.5,542.50,25.87,30,12029.55,2325,14354.55,0.678125,17.9431875
S7901050,"ECHO IEHK 2024,Suppl Renewable UNIT",,,,,0.00,0,0.00,,,0,0,0,#DIV/0!,#DIV/0!
S7901051,"ECHO IEHK 2024,Suppl Equipment UNIT",,,,,0.00,0,0.00,,,0,0,0,#DIV/0!,#DIV/0!
S7903003,"ECHO AWD, Periphery kit, Renewable",800,5,2,,0.00,0,0.00,,,0,0,0,0,0
S7991040,"ECHO IEHK 2024,Basic Med&Renewable S 1/3",800,5,2,,0.00,0,0.00,,,0,0,0,0,0
S7991041,"ECHO IEHK 2024,Basic Med&Renewable S 2/3",800,5,2,,0.00,0,0.00,,,0,0,0,0,0
S7991042,"ECHO IEHK 2024,Basic Med&Renewable S 3/3",800,5,2,,0.00,0,0.00,,,0,0,0,0,0
S7991052,"ECHO IEHK 2024,Suppl Renewable UNIT S1/6",800,5,2,,0.00,0,0.00,,,0,0,0,0,0
S7991053,"ECHO IEHK 2024,Suppl Renewable UNIT S2/6",800,5,2,,0.00,0,0.00,,,0,0,0,0,0
S7991054,"ECHO IEHK 2024,Suppl Renewable UNIT S3/6",800,10,2,80.5,805.00,161,966.00,25.87,30,20825.35,4830,25655.35,1.2075,32.0691875
S7991055,"ECHO IEHK 2024,Suppl Renewable UNIT S4/6",800,5,2,,0.00,0,0.00,,,0,0,0,0,0
S7991056,"ECHO IEHK 2024,Suppl Renewable UNIT S5/6",800,5,2,,0.00,0,0.00,,,0,0,0,0,0
S7991057,"ECHO IEHK 2024,Suppl Renewable UNIT S6/6",800,5,2,,0.00,0,0.00,,,0,0,0,0,0
S7991145,"ECHO IEHK 2024,Suppl Med Inj UNIT S 1/5",800,5,2,,0.00,0,0.00,,,0,0,0,0,0
S7991146,"ECHO IEHK 2024,Suppl Med Inj UNIT S 2/5",800,5,2,,0.00,0,0.00,,,0,0,0,0,0
S7991147,"ECHO IEHK 2024,Suppl Med Inj UNIT S 3/5",800,5,2,,0.00,0,0.00,,,0,0,0,0,0
S7991148,"ECHO IEHK 2024,Suppl Med Inj UNIT S 4/5",800,5,2,,0.00,0,0.00,,,0,0,0,0,0
S7991149,"ECHO IEHK 2024,Suppl Med Inj UNIT S 5/5",800,5,2,,0.00,0,0.00,,,0,0,0,0,0
S7991151,"ECHO IEHK 2024,Suppl Med Inj UNIT P 2/2",800,5,2,,0.00,0,0.00,,,0,0,0,0,0
S7993013,"AWD, Periphery kit, Renewable sub 1/3",800,5,2,,0.00,0,0.00,,,0,0,0,0,0
S7993023,"AWD, Periphery kit, Renewable sub 2/3",800,5,2,,0.00,0,0.00,,,0,0,0,0,0
S7993033,"AWD, Periphery kit, Renewable sub 3/3",800,7,2,88.5,619.50,177,796.50,25.87,30,16026.465,5310,21336.465,0.995625,26.67058125
S7998051,"ECHO IEHK 2024,Suppl Equipment UNIT S1/2",800,9,2,79.5,715.50,159,874.50,25.87,30,18509.985,4770,23279.985,1.093125,29.09998125
S7998052,"ECHO IEHK 2024,Suppl Equipment UNIT S2/2",800,5,2,,0.00,0,0.00,,,0,0,0,0,0
S9901022,"IEHK2017,kit,suppl.1c-cold chain medicin",800,10,2,7.5,75.00,15,90.00,25.87,30,1940.25,450,2390.25,0.1125,2.9878125
S9901023,"IEHK2017, PEP kit",800,5,1,7.5,37.50,7.5,45.00,25.87,30,970.125,225,1195.125,0.05625,1.49390625
S9901024,"IEHK2017, kit, basic unit",800,,,7.5,0.00,0,0.00,25.87,30,0,0,0,0,0
S9901025,"IEHK2017, kit, basic unit malaria",800,8,2,7.5,60.00,15,75.00,25.87,30,1552.2,450,2002.2,0.09375,2.50275
S9901026,"IEHK2017,kit,suppl.1-medicines",800,,,7.5,0.00,0,0.00,25.87,30,0,0,0,0,0
S9901027,"IEHK2017,kit,suppl.1a-medicines",800,4,1,7.5,30.00,7.5,37.50,25.87,30,776.1,225,1001.1,0.046875,1.251375
S9901028,"IEHK2017,kit,suppl.1b-malaria",800,,,7.5,0.00,0,0.00,25.87,30,0,0,0,0,0
S9901029,"IEHK2017,kit,suppl.2-equipment",800,,,7.5,0.00,0,0.00,25.87,30,0,0,0,0,0
S9901030,"IEHK2017,kit,suppl.3-renewable",800,,,7.5,0.00,0,0.00,25.87,30,0,0,0,0,0
S9901040,"IEHK 2024,Basic Medicine&Renewable UNIT",800, , ,63.5,0.00,0,0.00,25.87,30,0,0,0,0,0
S9901041,"IEHK 2024,Basic Malaria UNIT",800,10,2,62.5,625.00,125,750.00,25.87,30,16168.75,3750,19918.75,0.9375,24.8984375
S9901042,"IEHK 2024,Basic Equipment UNIT",800,5,2,74.5,372.50,149,521.50,25.87,30,9636.575,4470,14106.575,0.651875,17.63321875
S9901044,"IEHK 2024,Suppl. Medicine Inj. UNIT",800, , ,46.5,0.00,0,0.00,25.87,30,0,0,0,0,0
S9901045,"IEHK 2024,Suppl. Med Mental Health UNIT",800,6,1,15.5,93.00,15.5,108.50,25.87,30,2405.91,465,2870.91,0.135625,3.5886375
S9901046,"IEHK 2024,Suppl Medicine Controlled UNIT",800,5,2,,0.00,0,0.00,,,0,0,0,0,0
S9901047,"IEHK 2024,Suppl Medicine Cold Chain UNIT",800,5, ,60.5,302.50,0,302.50,25.87,30,7825.675,0,7825.675,0.378125,9.78209375
S9901048,"IEHK 2024,Suppl. Malaria UNIT",800, , ,53.5,0.00,0,0.00,25.87,30,0,0,0,0,0
S9901049,"IEHK 2024,Suppl. PEP Unit",800,3,1,65.5,196.50,65.5,262.00,25.87,30,5083.455,1965,7048.455,0.3275,8.81056875
S9901050,"IEHK 2024,Suppl. Renewable UNIT",800, , ,35.5,0.00,0,0.00,25.87,30,0,0,0,0,0
S9901051,"IEHK 2024,Suppl. Equipment UNIT",800,5,2,,0.00,0,0.00,,,0,0,0,0,0
S9901152,"WASH&DignityKit,firstResp,1HH,w PurifTab",1008,7,2,7.5,52.50,15,67.50,25.87,30,1358.175,450,1808.175,0.066964286,1.793824405
S9901153,"WASH&DignityKit,firstResp,5HH,wPurifTab",800,14,2,7.5,105.00,15,120.00,25.87,30,2716.35,450,3166.35,0.15,3.9579375
S9901154,Ukraine hygiene kit,800,8,2,7.5,60.00,15,75.00,25.87,30,1552.2,450,2002.2,0.09375,2.50275
S9902217,"Midwifery kit,1-drugs",800,,,7.5,0.00,0,0.00,25.87,30,0,0,0,0,0
S9902219,"Midwifery kit,3-renewable",800, , ,13.5,0.00,0,0.00,25.87,30,0,0,0,0,0
S9902220,"Midwifery kit,suppl.1a-drugs",800,3,1,7.5,22.50,7.5,30.00,25.87,30,582.075,225,807.075,0.0375,1.00884375
S9902221,"Midwifery kit – equipment, 2",800,6,2,7.5,45.00,15,60.00,25.87,30,1164.15,450,1614.15,0.075,2.0176875
S9902450,"NBK, Clinic, Module 3, Equipment",800, , ,64.5,0.00,0,0.00,25.87,30,0,0,0,0,0
S9902460,"NBK, Hospital, Module 1, Medicines",800,5,2,,0.00,0,0.00,,,0,0,0,0,0
S9902600,Clean Delivery Kit,210,1,0,47.5,47.50,0,47.50,25.87,30,1228.825,0,1228.825,0.226190476,5.851547619
S9903000,"AWD, Community kit, Community Care",800,8,2,7.5,60.00,15,75.00,25.87,30,1552.2,450,2002.2,0.09375,2.50275
S9903001,"AWD Kit, Periphery kit, Logistics Part",800,,,7.5,0.00,0,0.00,25.87,30,0,0,0,0,0
S9903002,"AWD, Periphery kit, Equipment",800,6,1,7.5,45.00,7.5,52.50,25.87,30,1164.15,225,1389.15,0.065625,1.7364375
S9903003,"AWD, Periphery kit, Renewable",800,,,7.5,0.00,0,0.00,25.87,30,0,0,0,0,0
S9903004,AWD Periphery kit Drug,800,,,7.5,0.00,0,0.00,25.87,30,0,0,0,0,0
S9903005,AWD Community Kit Drug,800,10,2,7.5,75.00,15,90.00,25.87,30,1940.25,450,2390.25,0.1125,2.9878125
S9906710,Ethiopia Emergency Drug kit 2019,800,,,7.5,0.00,0,0.00,25.87,30,0,0,0,0,0
S9906712,"SD, Primary Healthcare kit, 2016",800,,,7.5,0.00,0,0.00,25.87,30,0,0,0,0,0
S9906713,"SD, IMCI Medicine kit, 2016",800, , ,52.5,0.00,0,0.00,25.87,30,0,0,0,0,0
S9906714,"Sudan Community Midwife kit, 2016",800,6,2,7.5,45.00,15,60.00,25.87,30,1164.15,450,1614.15,0.075,2.0176875
S9906729,DRC Measles Kit 2021,800, , ,61.5,0.00,0,0.00,25.87,30,0,0,0,0,0
S9906733,South Sudan PHCC Kit 2018 Basic Medicin,800,,,7.5,0.00,0,0.00,25.87,30,0,0,0,0,0
S9906734,"South Sudan, PHCU Kit 2018",800,,,7.5,0.00,0,0.00,25.87,30,0,0,0,0,0
S9906737,South Sudan PHCC Kit 2018-Med Dev & Diag,800,,,7.5,0.00,0,0.00,25.87,30,0,0,0,0,0
S9906742,Mozambique Community Health Worker Kit,800,7,2,30.5,213.50,61,274.50,25.87,30,5523.245,1830,7353.245,0.343125,9.19155625
S9906751,Nut kit inpatient module-med supplies2,80,2,0,7.5,15.00,0,15.00,25.87,30,388.05,0,388.05,0.1875,4.850625
S9906801,Yemen Primary Health Kit2021-consumables  ,800,10,2,7.5,75.00,15,90.00,25.87,30,1940.25,450,2390.25,0.1125,2.9878125
S9906802,Yemen Primary Health Kit 2021-Suppl meds  ,800,10,2,7.5,75.00,15,90.00,25.87,30,1940.25,450,2390.25,0.1125,2.9878125
S9906804,"Yemen PHC kit 2025, Basic Medicines",800, , ,73.5,0.00,0,0.00,25.87,30,0,0,0,0,0
S9906805,"Yemen PHC kit 2025, Supp. Medicines",800, , ,75.5,0.00,0,0.00,25.87,30,0,0,0,0,0
S9906806,"Yemen PHC kit 2025, Consumables",800, , ,14.5,0.00,0,0.00,25.87,30,0,0,0,0,0
S9906807,"Yemen PHC kit 2025, Supp. HC Medicines",800, , ,76.5,0.00,0,0.00,25.87,30,0,0,0,0,0
S9908200,"Sterilization, kit C",800, , ,32.5,0.00,0,0.00,25.87,30,0,0,0,0,0
S9908300,"Obstetric,surgical kit,suppl.1-drugs",800,,,7.5,0.00,0,0.00,25.87,30,0,0,0,0,0
S9908302,"Obstetric,surgical kit,suppl.3-renewable",800,,,7.5,0.00,0,0.00,25.87,30,0,0,0,0,0
S9908303,"Obstetric,surgical kit,suppl.1a-drugs",800,7,2,7.5,52.50,15,67.50,25.87,30,1358.175,450,1808.175,0.084375,2.26021875
S9908305,"Obstetric,surgical kit,suppl.2-equipment",800,5,1,7.5,37.50,7.5,45.00,25.87,30,970.125,225,1195.125,0.05625,1.49390625
S9908402,"Resuscitation kit,basic",800,5,1,7.5,37.50,7.5,45.00,25.87,30,970.125,225,1195.125,0.05625,1.49390625
S9910000,"Surg.inst.,abdominal /SET",800,5,1,7.5,37.50,7.5,45.00,25.87,30,970.125,225,1195.125,0.05625,1.49390625
S9910001,"Surg.inst.,basic surgery /SET",800,4,1,7.5,30.00,7.5,37.50,25.87,30,776.1,225,1001.1,0.046875,1.251375
S9910002,"Surg.inst.,curettage /SET",800,4,1,7.5,30.00,7.5,37.50,25.87,30,776.1,225,1001.1,0.046875,1.251375
S9910003,"Surg.inst.,delivery /SET",1200,1,0,7.5,7.50,0,7.50,25.87,30,194.025,0,194.025,0.00625,0.1616875
S9910004,"Surg.inst.,suture /SET",1000,1,0,7.5,7.50,0,7.50,25.87,30,194.025,0,194.025,0.0075,0.194025
S9910005,"Surg.inst.,dressing /SET",1200,1,0,7.5,7.50,0,7.50,25.87,30,194.025,0,194.025,0.00625,0.1616875
S9910006,"Surg.inst.,exam/sut,vaginal/cervical/SET",800,3,1,7.5,22.50,7.5,30.00,25.87,30,582.075,225,807.075,0.0375,1.00884375
S9935011,"School-in-a-carton,40 students, 2016",800,11,2,7.5,82.50,15,97.50,25.87,30,2134.275,450,2584.275,0.121875,3.23034375
S9935019,"School-in-a-bag kit,40 student,1 teacher",800,9,2,7.5,67.50,15,82.50,25.87,30,1746.225,450,2196.225,0.103125,2.74528125
S9935024,"Recreation kit, 2016",800,7,2,7.5,52.50,15,67.50,25.87,30,1358.175,450,1808.175,0.084375,2.26021875
S9935030,Recreation kit mini version,800,5,1,7.5,37.50,7.5,45.00,26.87,30,1007.625,225,1232.625,0.05625,1.54078125
S9935034,"Recreation kit-in-a-carton, 2016",800,7,2,7.5,52.50,15,67.50,27.87,30,1463.175,450,1913.175,0.084375,2.39146875
S9935051,"School-in-a-carton, Yemen",800,11,2,36.5,401.50,73,474.50,25.87,30,10386.805,2190,12576.805,0.593125,15.72100625
S9935064,"Early Childhood Dvt (ECD) kit, 2016",800,11,2,7.5,82.50,15,97.50,28.87,30,2381.775,450,2831.775,0.121875,3.53971875
S9935065,"ECD kit-in-a-carton, 2016",800,11,2,7.5,82.50,15,97.50,28.87,30,2381.775,450,2831.775,0.121875,3.53971875
S9935080,Arabic Student Kit Grade 1-4,800,9,2,7.5,67.50,15,82.50,25.87,60,1746.225,900,2646.225,0.103125,3.30778125
S9935081,Arabic Student Kit Grade 5-8,800,9,2,7.5,67.50,15,82.50,25.87,30,1746.225,450,2196.225,0.103125,2.74528125
S9935082,Arabic Teacher's Kit,800,10,2,7.5,75.00,15,90.00,25.87,30,1940.25,450,2390.25,0.1125,2.9878125
S9935084,Syria Emergency School in a Carton Kit,800,11,2,7.5,82.50,15,97.50,25.87,30,2134.275,450,2584.275,0.121875,3.23034375
S9935090,"Syria Paediatric Kit, 2019",800,9,2,7.5,67.50,15,82.50,25.87,30,1746.225,450,2196.225,0.103125,2.74528125
S9935095,Replenishment kit for School-in-a-box,800,4,1,7.5,30.00,7.5,37.50,25.87,30,776.1,225,1001.1,0.046875,1.251375
S9935097,"School-in-a-box,40 students, 2016",800,11,2,7.5,82.50,15,97.50,25.87,30,2134.275,450,2584.275,0.121875,3.23034375
S9935100,"School-in-a-carton, Ukraine",800,11,2,7.5,82.50,15,97.50,25.87,30,2134.275,450,2584.275,0.121875,3.23034375
S9975020,First aid kit A,800,10,1,7.5,75.00,7.5,82.50,25.87,30,1940.25,225,2165.25,0.103125,2.7065625
S9986710,PP 3/3 F Sub 2/3 Yemen PHK S9906800,800,1,1,7.5,7.50,7.5,15.00,25.87,30,194.025,225,419.025,0.01875,0.52378125
S9986711,PP 1/5 F SUB 1/6 Ethiopia Emerg.S9906710,800,4,1,7.5,30.00,7.5,37.50,25.87,30,776.1,225,1001.1,0.046875,1.251375
S9986712,PP 2/5 F SUB 1/6 Ethiopia Emerg.S9906710,800,4,1,7.5,30.00,7.5,37.50,25.87,30,776.1,225,1001.1,0.046875,1.251375
S9986713,PP 3/5 F SUB 2/6 Ethiopia Emerg.S9906710,800,4,1,7.5,30.00,7.5,37.50,25.87,30,776.1,225,1001.1,0.046875,1.251375
S9986714,PP 4/5 F SUB 2/6 Ethiopia Emerg.S9906710,800,4,1,7.5,30.00,7.5,37.50,25.87,30,776.1,225,1001.1,0.046875,1.251375
S9986715,PP 5/5 F SUB 2/6 Ethiopia Emerg.S9906710,800,4,1,7.5,30.00,7.5,37.50,25.87,30,776.1,225,1001.1,0.046875,1.251375
S9986716,PP 1/3 F Sub 1/3 Yemen PHK S9906800,800,4,2,7.5,30.00,15,45.00,25.87,30,776.1,450,1226.1,0.05625,1.532625
S9986717,PP 2/3 F Sub 2/3 Yemen PHK S9906800,800,4,1,7.5,30.00,7.5,37.50,25.87,30,776.1,225,1001.1,0.046875,1.251375
S9986718,PP 1/2 F Yemen PHK-Suppl meds S9906802,800,4,1,7.5,30.00,7.5,37.50,25.87,30,776.1,225,1001.1,0.046875,1.251375
S9986719,P 2/2 F Yemen PHK-Suppl meds S9906802,800,4,1,7.5,30.00,7.5,37.50,25.87,30,776.1,225,1001.1,0.046875,1.251375
S9986720,Bag 1/1 Ukraine hygiene,800,1,0,7.5,7.50,0,7.50,25.87,30,194.025,0,194.025,0.009375,0.24253125
S9986721,SUB 1/3  Yemen PHK 2021-Basic S9906800,800,8,1,7.5,60.00,7.5,67.50,25.87,30,1552.2,225,1777.2,0.084375,2.2215
S9986722,SUB 2/3  Yemen PHK 2021-Basic S9906800,800,10,2,7.5,75.00,15,90.00,25.87,30,1940.25,450,2390.25,0.1125,2.9878125
S9986723,SUB 3/3  Yemen PHK 2021-Basic S9906800,800,7,1,7.5,52.50,7.5,60.00,25.87,30,1358.175,225,1583.175,0.075,1.97896875
S9990031,"Sub 1/6 F S9901030 IEHK2017, suppl.3 ren",800,1,0,7.5,7.50,0,7.50,25.87,30,194.025,0,194.025,0.009375,0.24253125
S9990032,"Sub 2/6 F S9901030 IEHK2017, suppl.3 ren",800,8,2,7.5,60.00,15,75.00,25.87,30,1552.2,450,2002.2,0.09375,2.50275
S9990033,"Sub 3/6 F S9901030 IEHK2017, suppl.3 ren",800,9,2,7.5,67.50,15,82.50,25.87,30,1746.225,450,2196.225,0.103125,2.74528125
S9990034,"Sub 4/6 F S9901030 IEHK2017, suppl.3 ren",800,9,2,7.5,67.50,15,82.50,25.87,30,1746.225,450,2196.225,0.103125,2.74528125
S9990035,"Sub 5/6 F S9901030 IEHK2017, suppl.3 ren",800,9,2,7.5,67.50,15,82.50,25.87,30,1746.225,450,2196.225,0.103125,2.74528125
S9990036,"Sub 6/6 F S9901030 IEHK2017, suppl.3 ren",800,7,2,7.5,52.50,15,67.50,25.87,30,1358.175,450,1808.175,0.084375,2.26021875
S9990037,"Sub 2/2 F S9901029 IEHK2017, suppl.2 ren",800,1,0,7.5,7.50,0,7.50,25.87,30,194.025,0,194.025,0.009375,0.24253125
S9990038,"Sub 1/2 F S9901029 IEHK2017, suppl.2 ren",800,10,2,7.5,75.00,15,90.00,25.87,30,1940.25,450,2390.25,0.1125,2.9878125
S9990041,"Sub 1/2 IEHK2017,kit,basic module",800,9,2,7.5,67.50,15,82.50,25.87,30,1746.225,450,2196.225,0.103125,2.74528125
S9990042  ,"Sub 2/2 IEHK2017,kit,basic module",800,6,2,7.5,45.00,15,60.00,25.87,30,1164.15,450,1614.15,0.075,2.0176875
S9991041,"IEHK 2024,Basic Medicine&Renewabl SUB1/3",800,10,2,48.5,485.00,97,582.00,25.87,30,12546.95,2910,15456.95,0.7275,19.3211875
S9991042,"IEHK 2024,Basic Medicine&Renewabl SUB2/3",800,7,2,45.5,318.50,91,409.50,25.87,30,8239.595,2730,10969.595,0.511875,13.71199375
S9991043,"IEHK 2024,Basic Medicine&Renewabl SUB3/3",800,9,2,81.5,733.50,163,896.50,25.87,30,18975.645,4890,23865.645,1.120625,29.83205625
S9991044,"PP 1/2 IEHK 2024,Basic Medicine&Renewabl",800,3,1,43.5,130.50,43.5,174.00,25.87,30,3376.035,1305,4681.035,0.2175,5.85129375
S9991045,"PP 2/2 IEHK 2024,Basic Medicine&Renewabl",800,4,1,16.5,66.00,16.5,82.50,25.87,30,1707.42,495,2202.42,0.103125,2.753025
S9991048,"IEHK 2024,Suppl. Malaria UNIT SUB 1/4",800,8,2,27.5,220.00,55,275.00,25.87,30,5691.4,1650,7341.4,0.34375,9.17675
S9991049,"IEHK 2024,Suppl. Malaria UNIT SUB 2/4",800,8,2,28.5,228.00,57,285.00,25.87,30,5898.36,1710,7608.36,0.35625,9.51045
S9991050,"IEHK 2024,Suppl. Malaria UNIT SUB 3/4",800,8,2,29.5,236.00,59,295.00,25.87,30,6105.32,1770,7875.32,0.36875,9.84415
S9991051,"IEHK 2024,Suppl. Malaria UNIT SUB 4/4",800,1,0,33.5,33.50,0,33.50,25.87,30,866.645,0,866.645,0.041875,1.08330625
S9991052,"SUB 1/6 IEHK 2024,Suppl. Renewable UNIT",800,10,2,8.5,85.00,17,102.00,25.87,30,2198.95,510,2708.95,0.1275,3.3861875
S9991053,"SUB 2/6 IEHK 2024,Suppl. Renewable UNIT",800,8,2,34.5,276.00,69,345.00,25.87,30,7140.12,2070,9210.12,0.43125,11.51265
S9991054,"SUB 3/6 IEHK 2024,Suppl. Renewable UNIT",800,10,2,44.5,445.00,89,534.00,25.87,30,11512.15,2670,14182.15,0.6675,17.7276875
S9991055,"SUB 4/6 IEHK 2024,Suppl. Renewable UNIT",800,9,2,82.5,742.50,165,907.50,25.87,30,19208.475,4950,24158.475,1.134375,30.19809375
S9991056,"SUB 5/6 IEHK 2024,Suppl. Renewable UNIT",800,8,2,83.5,668.00,167,835.00,25.87,30,17281.16,5010,22291.16,1.04375,27.86395
S9991057,"SUB 6/6 IEHK 2024,Suppl. Renewable UNIT",800,1,1,87.5,87.50,87.5,175.00,25.87,30,2263.625,2625,4888.625,0.21875,6.11078125
S9991058,"PP 1/2 IEHK 2024,Suppl. Renewable UNIT",800,5,1,89.5,447.50,89.5,537.00,25.87,30,11576.825,2685,14261.825,0.67125,17.82728125
S9991059,"PP 2/2 IEHK 2024,Suppl. Renewable UNIT",800,3,1,84.5,253.50,84.5,338.00,25.87,30,6558.045,2535,9093.045,0.4225,11.36630625
S9991121,SUB 1/5 f.S9901026 IEHK2017 part 1,800,10,2,7.5,75.00,15,90.00,25.87,30,1940.25,450,2390.25,0.1125,2.9878125
S9991122,SUB 2/5 f.S9901026 IEHK2017 part 2,800,8,2,7.5,60.00,15,75.00,25.87,30,1552.2,450,2002.2,0.09375,2.50275
S9991123,SUB 3/5 f.S9901026 IEHK2017 part 1,800,9,2,7.5,67.50,15,82.50,25.87,30,1746.225,450,2196.225,0.103125,2.74528125
S9991124,SUB 4/5 f.S9901026 IEHK2017 part 4,800,7,1,7.5,52.50,7.5,60.00,25.87,30,1358.175,225,1583.175,0.075,1.97896875
S9991125,"IEHK2017,kit,suppl.1-medicines S9901026",36,2,0,7.5,15.00,0,15.00,25.87,30,388.05,0,388.05,0.416666667,10.77916667
S9991145,"SUB 1/5 IEHK 2024,Suppl. Medicine Inj.",800,7,2,9.5,66.50,19,85.50,25.87,30,1720.355,570,2290.355,0.106875,2.86294375
S9991146,"SUB 2/5 IEHK 2024,Suppl. Medicine Inj.",800,5,2,,0.00,0,0.00,,,0,0,0,0,0
S9991147,"SUB 3/5 IEHK 2024,Suppl. Medicine Inj.",800,5,2,85.5,427.50,171,598.50,25.87,30,11059.425,5130,16189.425,0.748125,20.23678125
S9991148,"SUB 4/5 IEHK 2024,Suppl. Medicine Inj.",800,5,2,,0.00,0,0.00,,,0,0,0,0,0
S9991149,"IEHK 2024,Suppl. Medicine Inj. S9901044",33,1,0,42.5,42.50,0,42.50,25.87,30,1099.475,0,1099.475,1.287878788,33.31742424
S9991150,"PP 1/2 ml IEHK 2024,Suppl. Medicine Inj.",800,5,1,31.5,157.50,31.5,189.00,25.87,30,4074.525,945,5019.525,0.23625,6.27440625
S9991151,"PP 2/2 LL IEHK 2024,Suppl. Medicine Inj.",800,5,1,,0.00,0,0.00,,,0,0,0,0,0
S9991221,PP 1/9 F. SUB 3/5 F. S9901026 IEHK2017,800,2,1,7.5,15.00,7.5,22.50,25.87,30,388.05,225,613.05,0.028125,0.7663125
S9991222,PP 2/9 F. SUB 2/5 F. S9901026 IEHK2017,800,4,1,7.5,30.00,7.5,37.50,25.87,30,776.1,225,1001.1,0.046875,1.251375
S9991223,PP 3/9 F. SUB 3/5 F. S9901026 IEHK2017,800,4,1,7.5,30.00,7.5,37.50,25.87,30,776.1,225,1001.1,0.046875,1.251375
S9991224,PP 4/9 F. SUB 1/5 F. S9901026 IEHK2017,800,5,1,7.5,37.50,7.5,45.00,25.87,30,970.125,225,1195.125,0.05625,1.49390625
S9991225,PP 5/9 F. SUB 2/5 F. S9901026 IEHK2017,800,3,1,7.5,22.50,7.5,30.00,25.87,30,582.075,225,807.075,0.0375,1.00884375
S9991226,PP 6/9 F. SUB 1/5 F. S9901026 IEHK2017,800,4,1,7.5,30.00,7.5,37.50,25.87,30,776.1,225,1001.1,0.046875,1.251375
S9991227,PP 7/9 F. SUB 1/5 F. S9901026 IEHK2017,800,4,1,7.5,30.00,7.5,37.50,25.87,30,776.1,225,1001.1,0.046875,1.251375
S9991228,PP 8/9 F. SUB 2/5 F. S9901026 IEHK2017,800,7,1,7.5,52.50,7.5,60.00,25.87,30,1358.175,225,1583.175,0.075,1.97896875
S9991229,PP 9/9 F. SUB 2/5 F. S9901026 IEHK2017,800,5,1,7.5,37.50,7.5,45.00,25.87,30,970.125,225,1195.125,0.05625,1.49390625
S9991321,"IEHK2017, PEP kit sub1/3 Child",800,7,1,7.5,52.50,7.5,60.00,25.87,30,1358.175,225,1583.175,0.075,1.97896875
S9991322,"IEHK2017, PEP kit sub2/3 Adult",800,7,1,7.5,52.50,7.5,60.00,25.87,30,1358.175,225,1583.175,0.075,1.97896875
S9991323,"IEHK2017, PEP kit sub3/3 Adult",800,7,1,7.5,52.50,7.5,60.00,25.87,30,1358.175,225,1583.175,0.075,1.97896875
S9992412,"SUB 2/3 NBK,Community,Part B,Module1,Med",800,1,0,67.5,67.50,0,67.50,25.87,30,1746.225,0,1746.225,0.084375,2.18278125
S9992413,"SUB 3/3 NBK,Community,Part B,Module1,Med",800,1,0,71.5,71.50,0,71.50,25.87,30,1849.705,0,1849.705,0.089375,2.31213125
S9992430,"SUB 16/16 NBK,Hospital,Module1 Med 16-48",800,5,2,,0.00,0,0.00,,,0,0,0,0,0
S9992431,"SUB 1/8 NBK, Clinic, Module 1, Medicines",800, , ,69.5,0.00,0,0.00,25.87,30,0,0,0,0,0
S9992434,"SUB 4/8 NBK, Clinic, Module 1, Medicines",800, , ,70.5,0.00,0,0.00,25.87,30,0,0,0,0,0
S9992451,"SUB 1/5 NBK, Clinic, Module 3, Equipment",800,5,2,37.5,187.50,75,262.50,25.87,30,4850.625,2250,7100.625,0.328125,8.87578125
S9992452,"SUB 2/5 NBK, Clinic, Module 3, Equipment",800,1,0,38.5,38.50,0,38.50,25.87,30,995.995,0,995.995,0.048125,1.24499375
S9992453,"SUB 3/5 NBK, Clinic, Module 3, Equipment",800,1,0,39.5,39.50,0,39.50,25.87,30,1021.865,0,1021.865,0.049375,1.27733125
S9992454,"SUB 4/5 NBK, Clinic, Module 3, Equipment",800,1,0,40.5,40.50,0,40.50,25.87,30,1047.735,0,1047.735,0.050625,1.30966875
S9992458,"SUB 5/5 NBK, Clinic, Module 3, Equipment",800,2,0,41.5,83.00,0,83.00,25.87,30,2147.21,0,2147.21,0.10375,2.6840125
S9992460,"SUB 10/16 NBK,Hospital, Module 1,Medicin",800,5,2,,0.00,0,0.00,,,0,0,0,0,0
S9992461,"SUB 1/16 NBK,Hospital, Module 1, Medicin",800,5,2,,0.00,0,0.00,,,0,0,0,0,0
S9992462,"SUB 2/16 NBK,Hospital, Module 1, Medicin",800,5,2,,0.00,0,0.00,,,0,0,0,0,0
S9992463,"SUB 3/16 NBK,Hospital, Module 1, Medicin",800,5,2,,0.00,0,0.00,,,0,0,0,0,0
S9992464,"SUB 4/16 NBK,Hospital, Module 1, Medicin",800,5,2,,0.00,0,0.00,,,0,0,0,0,0
S9992465,"SUB 5/16 NBK,Hospital, Module 1, Medicin",800,5,2,,0.00,0,0.00,,,0,0,0,0,0
S9992466,"SUB 6/16 NBK,Hospital, Module 1, Medicin",800,5,2,,0.00,0,0.00,,,0,0,0,0,0
S9992467,"SUB 7/16 NBK,Hospital, Module 1, Medicin",800,5,2,,0.00,0,0.00,,,0,0,0,0,0
S9992468,"SUB 8/16 NBK,Hospital, Module 1, Medicin",800,5,2,,0.00,0,0.00,,,0,0,0,0,0
S9992469,"SUB 9/16 NBK,Hospital, Module 1, Medicin",800,5,2,,0.00,0,0.00,,,0,0,0,0,0
S9992561,"SUB 11/16 NBK,Hospital,Module 1, Medicin",800,5,2,,0.00,0,0.00,,,0,0,0,0,0
S9992562,"SUB 12/16 NBK,Hospital,Module 1, Medicin",800,5,2,,0.00,0,0.00,,,0,0,0,0,0
S9992563,"SUB 13/16 NBK,Hospital,Module 1, Medicin",800,5,2,,0.00,0,0.00,,,0,0,0,0,0
S9992564,"SUB 14/16 NBK,Hospital,Module 1, Medicin",800,5,2,,0.00,0,0.00,,,0,0,0,0,0
S9992565,"SUB 15/16 NBK,Hospital,Module 1, Medicin",800,5,2,,0.00,0,0.00,,,0,0,0,0,0
S9993730,PP5/5 f SUB 4/5 S.Sudan18 B.Med S9906733,800,4,1,7.5,30.00,7.5,37.50,25.87,30,776.1,225,1001.1,0.046875,1.251375
S9993731,SUB 1/9 S.Sudan PHCC18  B.Med S9906733,800,8,2,7.5,60.00,15,75.00,25.87,30,1552.2,450,2002.2,0.09375,2.50275
S9993732,SUB 2/9 S.Sudan PHCC18  B.Med S9906733,800,8,2,7.5,60.00,15,75.00,25.87,30,1552.2,450,2002.2,0.09375,2.50275
S9993733,SUB 3/9 S.Sudan PHCC18  B.Med S9906733,800,9,2,7.5,67.50,15,82.50,25.87,30,1746.225,450,2196.225,0.103125,2.74528125
S9993734,SUB 4/9 S.Sudan PHCC18  B.Med S9906733,800,8,2,7.5,60.00,15,75.00,25.87,30,1552.2,450,2002.2,0.09375,2.50275
S9993735,SUB 5/9 S.Sudan PHCC18  B.Med S9906733,800,1,0,7.5,7.50,0,7.50,25.87,30,194.025,0,194.025,0.009375,0.24253125
S9993736,PP1/5 f SUB 1/5 S.Sudan18 B.Med S9906733,800,4,1,7.5,30.00,7.5,37.50,25.87,30,776.1,225,1001.1,0.046875,1.251375
S9993737,PP2/5 f SUB 1/5 S.Sudan18 B.Med S9906733,800,4,1,7.5,30.00,7.5,37.50,25.87,30,776.1,225,1001.1,0.046875,1.251375
S9993738,PP3/5 f SUB 4/5 S.Sudan18 B.Med S9906733,800,4,1,7.5,30.00,7.5,37.50,25.87,30,776.1,225,1001.1,0.046875,1.251375
S9993739,PP4/5 f SUB 3/5 S.Sudan18 B.Med S9906733,800,4,1,7.5,30.00,7.5,37.50,25.87,30,776.1,225,1001.1,0.046875,1.251375
S9993840,SUB 6/9 S.Sudan PHCC18  B.Med S9906733,800,1,0,7.5,7.50,0,7.50,25.87,30,194.025,0,194.025,0.009375,0.24253125
S9993841,SUB 7/9 S.Sudan PHCC18  B.Med S9906733,800,8,2,7.5,60.00,15,75.00,25.87,30,1552.2,450,2002.2,0.09375,2.50275
S9993842,SUB 8/9 S.Sudan PHCC18  B.Med S9906733,800,6,2,7.5,45.00,15,60.00,25.87,30,1164.15,450,1614.15,0.075,2.0176875
S9993843,SUB 9/9 S.Sudan PHCC18  B.Med S9906733,800,8,2,7.5,60.00,15,75.00,25.87,30,1552.2,450,2002.2,0.09375,2.50275
S9994730,"Sub5/8 South Sudan,PHCU Kit2018 S9906734",800,1,0,7.5,7.50,0,7.50,25.87,30,194.025,0,194.025,0.009375,0.24253125
S9994731,"Sub1/8 South Sudan,PHCU Kit2018 S9906734",800,1,0,7.5,7.50,0,7.50,25.87,30,194.025,0,194.025,0.009375,0.24253125
S9994732,"Sub2/8 South Sudan,PHCU Kit2018 S9906734",800,9,2,7.5,67.50,15,82.50,25.87,30,1746.225,450,2196.225,0.103125,2.74528125
S9994733,"Sub3/8 South Sudan,PHCU Kit2018 S9906734",800,8,2,7.5,60.00,15,75.00,25.87,30,1552.2,450,2002.2,0.09375,2.50275
S9994734,"Sub4/8 South Sudan,PHCU Kit2018 S9906734",800,8,2,7.5,60.00,15,75.00,25.87,30,1552.2,450,2002.2,0.09375,2.50275
S9994735,"PP1/4 f Sub2/4 S.Sudan,PHCU Kit S9906734",800,4,1,7.5,30.00,7.5,37.50,25.87,30,776.1,225,1001.1,0.046875,1.251375
S9994736,"PP2/4 f Sub2/4 S.Sudan,PHCU Kit S9906734",800,4,1,7.5,30.00,7.5,37.50,25.87,30,776.1,225,1001.1,0.046875,1.251375
S9994737,"PP3/4 f Sub3/4 S.Sudan,PHCU Kit S9906734",800,4,1,7.5,30.00,7.5,37.50,25.87,30,776.1,225,1001.1,0.046875,1.251375
S9994738,"PP4/4 f Sub4/4 S.Sudan,PHCU Kit S9906734",800,4,1,7.5,30.00,7.5,37.50,25.87,30,776.1,225,1001.1,0.046875,1.251375
S9994739,"Sub6/8 South Sudan,PHCU Kit2018 S9906734",800,1,0,7.5,7.50,0,7.50,25.87,30,194.025,0,194.025,0.009375,0.24253125
S9994831,"Sub7/8 South Sudan,PHCU Kit2018 S9906734",800,1,0,7.5,7.50,0,7.50,25.87,30,194.025,0,194.025,0.009375,0.24253125
S9994832,"Sub8/8 South Sudan,PHCU Kit2018 S9906734",800,3,1,7.5,22.50,7.5,30.00,25.87,30,582.075,225,807.075,0.0375,1.00884375
S9994921,"IEHK 2024,Suppl. PEP Unit sub1/3 Child",800,6,1,57.5,345.00,57.5,402.50,25.87,30,8925.15,1725,10650.15,0.503125,13.3126875
S9994922,"IEHK 2024,Suppl. PEP Unit sub2/3 Adult",800,6,1,58.5,351.00,58.5,409.50,25.87,30,9080.37,1755,10835.37,0.511875,13.5442125
S9994923,"IEHK 2024,Suppl. PEP Unit sub3/3 Adult",800,6,1,59.5,357.00,59.5,416.50,25.87,30,9235.59,1785,11020.59,0.520625,13.7757375
S9996710,SUB 1/7 Ethiopia Emerg. kit2019 S9906710,800,9,2,7.5,67.50,15,82.50,25.87,30,1746.225,450,2196.225,0.103125,2.74528125
S9996711,SUB 2/7 Ethiopia Emerg. kit2019 S9906710,800,9,2,7.5,67.50,15,82.50,25.87,30,1746.225,450,2196.225,0.103125,2.74528125
S9996712,SUB 3/7 Ethiopia Emerg. kit2019 S9906710,800,6,1,7.5,45.00,7.5,52.50,25.87,30,1164.15,225,1389.15,0.065625,1.7364375
S9996713,SUB 4/7 Ethiopia Emerg. kit2019 S9906710,800,1,0,7.5,7.50,0,7.50,25.87,30,194.025,0,194.025,0.009375,0.24253125
S9996714,SUB 5/7 Ethiopia Emerg. kit2019 S9906710,800,1,0,7.5,7.50,0,7.50,25.87,30,194.025,0,194.025,0.009375,0.24253125
S9996715,SUB 6/7 Ethiopia Emerg. kit2019 S9906710,800,1,0,7.5,7.50,0,7.50,25.87,30,194.025,0,194.025,0.009375,0.24253125
S9996716,SUB 7/7 Ethiopia Emerg. kit2019 S9906710,800,1,0,7.5,7.50,0,7.50,25.87,30,194.025,0,194.025,0.009375,0.24253125
S9996721,DRC Measles Kit 2021 SUB 1/5,800,9,2,50.5,454.50,101,555.50,25.87,30,11757.915,3030,14787.915,0.694375,18.48489375
S9996722,DRC Measles Kit 2021 SUB 2/5,800,7,2,20.5,143.50,41,184.50,25.87,30,3712.345,1230,4942.345,0.230625,6.17793125
S9996723,DRC Measles Kit 2021 SUB 3/5,800,1,0,56.5,56.50,0,56.50,25.87,30,1461.655,0,1461.655,0.070625,1.82706875
S9996724,DRC Measles Kit 2021 SUB 4/5,800,1,0,55.5,55.50,0,55.50,25.87,30,1435.785,0,1435.785,0.069375,1.79473125
S9996725,DRC Measles Kit 2021 SUB 5/5,800,1,0,54.5,54.50,0,54.50,25.87,30,1409.915,0,1409.915,0.068125,1.76239375
S9996726,DRC Measles Kit 2021 PP 1/1,800,6,1,68.5,411.00,68.5,479.50,25.87,30,10632.57,2055,12687.57,0.599375,15.8594625
S9996800,"SUB 1/15 Yemen PHC kit 2025, Basic Medi",800,5,2,,0.00,0,0.00,,,0,0,0,0,0
S9996801,"SUB 2/15 Yemen PHC kit 2025, Basic Medi",800,5,2,,0.00,0,0.00,,,0,0,0,0,0
S9996802,"SUB 3/15 Yemen PHC kit 2025, Basic Medi",800,5,2,,0.00,0,0.00,,,0,0,0,0,0
S9996803,"SUB 4/15 Yemen PHC kit 2025, Basic Medi",800,5,2,,0.00,0,0.00,,,0,0,0,0,0
S9996804,"SUB 5/15 Yemen PHC kit 2025, Basic Medi",800,5,2,,0.00,0,0.00,,,0,0,0,0,0
S9996805,"SUB 6/15 Yemen PHC kit 2025, Basic Medi",800,5,2,,0.00,0,0.00,,,0,0,0,0,0
S9996806,"SUB 7/15 Yemen PHC kit 2025, Basic Medi",800,5,2,,0.00,0,0.00,,,0,0,0,0,0
S9996807,"PP S9996807 Yemen PHC kit 2025,Medicines",800,5,1,,0.00,0,0.00,,,0,0,0,0,0
S9996808,"S 1/2 S9996807 Yemen PHC kit 2025,Medi",800,5,2,,0.00,0,0.00,,,0,0,0,0,0
S9996809,"S 2/2 S9996807 Yemen PHC kit 2025,Medi",800,5,2,,0.00,0,0.00,,,0,0,0,0,0
S9996811,"SUB 8/15 Yemen PHC kit 2025, Basic Medi",800,5,2,,0.00,0,0.00,,,0,0,0,0,0
S9996812,"SUB 10/15 Yemen PHC kit 2025, Basic Medi",800,5,2,,0.00,0,0.00,,,0,0,0,0,0
S9996813,"SUB 11/15 Yemen PHC kit 2025, Basic Medi",800,5,2,,0.00,0,0.00,,,0,0,0,0,0
S9996814,"SUB 12/15 Yemen PHC kit 2025, Basic Medi",800,5,2,,0.00,0,0.00,,,0,0,0,0,0
S9996815,"SUB 13/15 Yemen PHC kit 2025, Basic Medi",800,5,2,,0.00,0,0.00,,,0,0,0,0,0
S9996816,"Yemen PHC kit 2025, Consumables sub 1/3",800,5,2,,0.00,0,0.00,,,0,0,0,0,0
S9996817,"Yemen PHC kit 2025, Consumables sub 2/3",800,5,2,,0.00,0,0.00,,,0,0,0,0,0
S9996818,"Yemen PHC kit 2025, Consumables sub 3/3",800,5,2,,0.00,0,0.00,,,0,0,0,0,0
S9996820,"SUB 14/15 Yemen PHC kit 2025, Basic Medi",800,5,2,,0.00,0,0.00,,,0,0,0,0,0
S9996821,"SUB 15/15 Yemen PHC kit 2025, Basic Medi",800,5,2,,0.00,0,0.00,,,0,0,0,0,0
S9996822,"SUB 9/15 Yemen PHC kit 2025, Basic Medi",800,5,2,,0.00,0,0.00,,,0,0,0,0,0
S9996823,"Yemen PHC kit 2025, Supp. Medicines s1/5",800,5,2,,0.00,0,0.00,,,0,0,0,0,0
S9996824,"Yemen PHC kit 2025, Supp. Medicines s2/5",800,5,2,,0.00,0,0.00,,,0,0,0,0,0
S9996825,"Yemen PHC kit 2025, Supp. Medicines s3/5",800,5,2,,0.00,0,0.00,,,0,0,0,0,0
S9996826,"Yemen PHC kit 2025, Supp. Medicines s4/5",800,5,2,,0.00,0,0.00,,,0,0,0,0,0
S9996827,"Yemen PHC kit 2025, Supp. Medicines s5/5",800,5,2,,0.00,0,0.00,,,0,0,0,0,0
S9997730,PP 2/2 F SUB 1/8 SSPHCC2018-Med S9906737,800,4,1,7.5,30.00,7.5,37.50,25.87,30,776.1,225,1001.1,0.046875,1.251375
S9997731,SUB 1/8 SSPHCC2018-Med Dev&Diag S9906737,800,8,2,7.5,60.00,15,75.00,25.87,30,1552.2,450,2002.2,0.09375,2.50275
S9997732,SUB 2/8 SSPHCC2018-Med Dev&Diag S9906737,800,8,2,7.5,60.00,15,75.00,25.87,30,1552.2,450,2002.2,0.09375,2.50275
S9997733,SUB 3/8 SSPHCC2018-Med Dev&Diag S9906737,800,7,2,7.5,52.50,15,67.50,25.87,30,1358.175,450,1808.175,0.084375,2.26021875
S9997734,SUB 4/8 SSPHCC2018-Med Dev&Diag S9906737,800,6,2,7.5,45.00,15,60.00,25.87,30,1164.15,450,1614.15,0.075,2.0176875
S9997735,SUB 5/8 SSPHCC2018-Med Dev&Diag S9906737,800,1,0,7.5,7.50,0,7.50,25.87,30,194.025,0,194.025,0.009375,0.24253125
S9997736,SUB 6/8 SSPHCC2018-Med Dev&Diag S9906737,800,1,0,7.5,7.50,0,7.50,25.87,30,194.025,0,194.025,0.009375,0.24253125
S9997737,SUB 7/8 SSPHCC2018-Med Dev&Diag S9906737,800,1,0,7.5,7.50,0,7.50,25.87,30,194.025,0,194.025,0.009375,0.24253125
S9997738,SUB 8/8 SSPHCC2018-Med Dev&Diag S9906737,800,1,0,7.5,7.50,0,7.50,25.87,30,194.025,0,194.025,0.009375,0.24253125
S9997739,PP 1/2 F SUB 1/8 SSPHCC2018-Med S9906737,800,4,1,7.5,30.00,7.5,37.50,25.87,30,776.1,225,1001.1,0.046875,1.251375
S9998052,"sub 2/2 IEHK 2024,Suppl. Equipment UNIT",800,5,2,,0.00,0,0.00,,,0,0,0,0,0
S9998053,"PP 1/1 IEHK 2024,Suppl. Equipment UNIT",800,5,1,,0.00,0,0.00,,,0,0,0,0,0
S9998281,"Sub 1/2 IEHK2017,kit,suppl.1b-malaria",800,10,2,7.5,75.00,15,90.00,25.87,30,1940.25,450,2390.25,0.1125,2.9878125
S9998282,"Sub 2/2 IEHK2017,kit,suppl.1b-malaria",800,7,2,7.5,52.50,15,67.50,25.87,30,1358.175,450,1808.175,0.084375,2.26021875
S9998505,"Sub 4/7 SD IMCI Med. kit, 2016",800,6,1,24.5,147.00,24.5,171.50,25.87,30,3802.89,735,4537.89,0.214375,5.6723625
S9998506,"Sub 5/7 SD IMCI Med. kit, 2016",800,5,2,25.5,127.50,51,178.50,25.87,30,3298.425,1530,4828.425,0.223125,6.03553125
S9998507,"Sub 6/7 SD IMCI Med. kit, 2016",800,5,2,26.5,132.50,53,185.50,25.87,30,3427.775,1590,5017.775,0.231875,6.27221875
S9998508,"Sub 7/7 SD IMCI Med. kit, 2016",800,1,0,11.5,11.50,0,11.50,25.87,30,297.505,0,297.505,0.014375,0.37188125
S9998831,Prepack  1/2 f S9990036 - (S9901030),800,3,1,7.5,22.50,7.5,30.00,25.87,30,582.075,225,807.075,0.0375,1.00884375
S9998832,Prepack  2/2 f S9990036 - (S9901030),800,5,1,7.5,37.50,7.5,45.00,25.87,30,970.125,225,1195.125,0.05625,1.49390625
S9998833,Prepack  1/1 f S9990038 f S9901029 IEHK,800,7,1,7.5,52.50,7.5,60.00,25.87,30,1358.175,225,1583.175,0.075,1.97896875
S9998834,Prepack  1/5 f S9990041 - (S9901024)IEHK,800,5,1,7.5,37.50,7.5,45.00,25.87,30,970.125,225,1195.125,0.05625,1.49390625
S9998835,Prepack  2/5 f S9990041 - (S9901024)IEHK,800,5,1,7.5,37.50,7.5,45.00,25.87,30,970.125,225,1195.125,0.05625,1.49390625
S9998836,Prepack  3/5 f S9990042 - (S9901024)IEHK,800,3,1,7.5,22.50,7.5,30.00,25.87,30,582.075,225,807.075,0.0375,1.00884375
S9998837,Prepack  4/5 f S9990042 - (S9901024)IEHK,800,4,1,7.5,30.00,7.5,37.50,25.87,30,776.1,225,1001.1,0.046875,1.251375
S9998838,Prepack  5/5 f S9990042 - (S9901024)IEHK,800,4,1,7.5,30.00,7.5,37.50,25.87,30,776.1,225,1001.1,0.046875,1.251375
S9999124,AWD Periphery kit Drug S9903004,36,1,0,7.5,7.50,0,7.50,25.87,30,194.025,0,194.025,0.208333333,5.389583333
S9999125,AWD Periphery kit Drug S9903004 sub 2/3,800,0.5,0,7.5,3.75,0,3.75,25.87,30,97.0125,0,97.0125,0.0046875,0.121265625
S9999126,AWD Periphery kit Drug S9903004 sub 3/3,800,7,2,7.5,52.50,15,67.50,25.87,30,1358.175,450,1808.175,0.084375,2.26021875
S9999127,AWD Periphery kit Drug S9903004 sub 4/4,800,5,2,10.5,52.50,21,73.50,25.87,30,1358.175,630,1988.175,0.091875,2.48521875
S9999128,Prepack 1/1 AWD Periphery kit Drug,800,3,1,7.5,22.50,7.5,30.00,25.87,30,582.075,225,807.075,0.0375,1.00884375
S9999129,Prepack 1/1 Community Care,800,3,1,7.5,22.50,7.5,30.00,25.87,30,582.075,225,807.075,0.0375,1.00884375
S9999131,Subkit 1/6 AWD logistic S9903001,800,3,1,7.5,22.50,7.5,30.00,25.87,30,582.075,225,807.075,0.0375,1.00884375
S9999132,Subkit 2/6 AWD logistic S9903001,800,3,1,7.5,22.50,7.5,30.00,25.87,30,582.075,225,807.075,0.0375,1.00884375
S9999133,Subkit 3/6 AWD logistic S9903001,800,4,1,7.5,30.00,7.5,37.50,25.87,30,776.1,225,1001.1,0.046875,1.251375
S9999134,Subkit 4/6 AWD logistic S9903001,800,5,1,7.5,37.50,7.5,45.00,25.87,30,970.125,225,1195.125,0.05625,1.49390625
S9999135,Subkit 5/6 AWD logistic S9903001,800,9,2,7.5,67.50,15,82.50,25.87,30,1746.225,450,2196.225,0.103125,2.74528125
S9999136,Subkit 6/6 AWD logistic S9903001,800,9,2,7.5,67.50,15,82.50,25.87,30,1746.225,450,2196.225,0.103125,2.74528125
S9999137,PP 1/3 (old 1/7)Periphery Renew S9903003,800,5,1,7.5,37.50,7.5,45.00,25.87,30,970.125,225,1195.125,0.05625,1.49390625
S9999138,PP 2/3 (old 2/7)Periphery Renew S9903003,800,4,1,7.5,30.00,7.5,37.50,25.87,30,776.1,225,1001.1,0.046875,1.251375
S9999143,PP 3/3 (old 7/7)Periphery Renew S9903003,800,3,1,7.5,22.50,7.5,30.00,25.87,30,582.075,225,807.075,0.0375,1.00884375
S9999144,"AWD SUB 1/3 Periphery,Renewable S9903003",800,5,2,7.5,37.50,15,52.50,25.87,30,970.125,450,1420.125,0.065625,1.77515625
S9999145,"AWD SUB 2/3 Periphery,Renewable S9903003",800,7,2,7.5,52.50,15,67.50,25.87,30,1358.175,450,1808.175,0.084375,2.26021875
S9999146,"AWD SUB 3/3 Periphery,Renewable S9903003",800,7,2,7.5,52.50,15,67.50,25.87,30,1358.175,450,1808.175,0.084375,2.26021875
S9999147,"PP 1/1 AWD Periphery, Equipment S9903002",800,7,1,7.5,52.50,7.5,60.00,25.87,30,1358.175,225,1583.175,0.075,1.97896875
S9999149,"AWD BAG 1/1 Periphery,Renewable S9903003",800,1,0,66.5,66.50,0,66.50,25.87,30,1720.355,0,1720.355,0.083125,2.15044375
S9999150,Prepack 1/1 Mozambique  Kit 2016,800,4,1,49.5,198.00,49.5,247.50,25.87,30,5122.26,1485,6607.26,0.309375,8.259075
S9999199,Education PP 2 for SIC/SIB no globe,800,5,1,7.5,37.50,7.5,45.00,25.87,30,970.125,225,1195.125,0.05625,1.49390625
S9999490,Sub 4/4 SD Primary Healthcare2016,800,1,0,12.5,12.50,0,12.50,25.87,30,323.375,0,323.375,0.015625,0.40421875
S9999491,"Subkit 1/3 Sudan,Primary Healthcare2016",800,10,2,7.5,75.00,15,90.00,25.87,30,1940.25,450,2390.25,0.1125,2.9878125
S9999492,"Subkit 2/3 Sudan,Primary Healthcare2016",800,8,2,7.5,60.00,15,75.00,25.87,30,1552.2,450,2002.2,0.09375,2.50275
S9999493,"Subkit 3/3 Sudan,Primary Healthcare2016",800,5,1,7.5,37.50,7.5,45.00,25.87,30,970.125,225,1195.125,0.05625,1.49390625
S9999494,"Prepack 1/3 Sudan,Primary Healthcare2016",800,4,1,7.5,30.00,7.5,37.50,25.87,30,776.1,225,1001.1,0.046875,1.251375
S9999495,"Prepack 2/3 Sudan,Primary Healthcare2016",800,4,1,7.5,30.00,7.5,37.50,25.87,30,776.1,225,1001.1,0.046875,1.251375
S9999496,"Prepack 3/3 Sudan,Primary Healthcare2016",800,4,1,7.5,30.00,7.5,37.50,25.87,30,776.1,225,1001.1,0.046875,1.251375
S9999500,"Bag 1/1 Sudan Co. Midwife kit, 2016",800,1,0,7.5,7.50,0,7.50,25.87,30,194.025,0,194.025,0.009375,0.24253125
S9999501,"Prepack 1/2 Sudan Co. Midwife kit, 2016",800,4,1,7.5,30.00,7.5,37.50,25.87,30,776.1,225,1001.1,0.046875,1.251375
S9999502,"Prepack 2/2 Sudan Co. Midwife kit, 2016",800,4,1,7.5,30.00,7.5,37.50,25.87,30,776.1,225,1001.1,0.046875,1.251375
S9999503,"Bag 1/1 Sudan, IMCI Med. kit, 2016",800,1,0,72.5,72.50,0,72.50,25.87,30,1875.575,0,1875.575,0.090625,2.34446875
S9999504,"Prepack 1/1 Sudan IMCI Med. kit, 2016",800,4,1,86.5,346.00,86.5,432.50,25.87,30,8951.02,2595,11546.02,0.540625,14.432525
S9999505,"Sub 1/7 SD IMCI Med. kit, 2016",800,10,2,51.5,515.00,103,618.00,25.87,30,13323.05,3090,16413.05,0.7725,20.5163125
S9999506,"Sub 2/7 SD IMCI Med. kit, 2016",800,6,2,22.5,135.00,45,180.00,25.87,30,3492.45,1350,4842.45,0.225,6.0530625
S9999507,"Sub 3/7 SD IMCI Med. kit, 2016",800,7,2,23.5,164.50,47,211.50,25.87,30,4255.615,1410,5665.615,0.264375,7.08201875
S9999591,"1/3PP Syria Paediatric Kit,2019 S9935090",800,4,1,7.5,30.00,7.5,37.50,25.87,30,776.1,225,1001.1,0.046875,1.251375
S9999592,"2/3PP Syria Paediatric Kit,2019 S9935090",800,4,1,7.5,30.00,7.5,37.50,25.87,30,776.1,225,1001.1,0.046875,1.251375
S9999593,"3/3PP Syria Paediatric Kit,2019 S9935090",800,4,1,7.5,30.00,7.5,37.50,25.87,30,776.1,225,1001.1,0.046875,1.251375
S9999841,"Subkit 1/4 S9902217 Midwifery kit,1-drug",800,10,2,7.5,75.00,15,90.00,25.87,30,1940.25,450,2390.25,0.1125,2.9878125
S9999842,"Subkit 2/4 S9902217 Midwifery kit,1-drug",800,1,0,7.5,7.50,0,7.50,25.87,30,194.025,0,194.025,0.009375,0.24253125
S9999843,"Subkit 3/4 S9902217 Midwifery kit,1-drug",800,1,0,7.5,7.50,0,7.50,25.87,30,194.025,0,194.025,0.009375,0.24253125
S9999844,"Subkit 4/4 S9902217 Midwifery kit,1-drug",800,1,0,7.5,7.50,0,7.50,25.87,30,194.025,0,194.025,0.009375,0.24253125
S9999857,"Bag 1/3 Surg.inst.,abdominal S9910000",800,1,0,7.5,7.50,0,7.50,25.87,30,194.025,0,194.025,0.009375,0.24253125
S9999858,"Bag 2/3 Surg.inst.,abdominal S9910000",800,1,0,7.5,7.50,0,7.50,25.87,30,194.025,0,194.025,0.009375,0.24253125
S9999859,"Bag 3/3 Surg.inst.,abdominal S9910000",800,1,0,7.5,7.50,0,7.50,25.87,30,194.025,0,194.025,0.009375,0.24253125
S9999861,"Bag 1/2 for S9908400 Resuscit.kit,basic",800,1,0,7.5,7.50,0,7.50,25.87,30,194.025,0,194.025,0.009375,0.24253125
S9999862,"Bag 2/2 for S9908400 Resuscit.kit,basic",800,1,0,7.5,7.50,0,7.50,25.87,30,194.025,0,194.025,0.009375,0.24253125
S9999881,Subkit 1/6 Obstetric 3-renew.S9908302,800,8,2,7.5,60.00,15,75.00,25.87,30,1552.2,450,2002.2,0.09375,2.50275
S9999882,Subkit 2/6 Obstetric 3-renew.S9908302,800,10,2,7.5,75.00,15,90.00,25.87,30,1940.25,450,2390.25,0.1125,2.9878125
S9999883,Subkit 3/6 Obstetric 3-renew.S9908302,800,8,2,7.5,60.00,15,75.00,25.87,30,1552.2,450,2002.2,0.09375,2.50275
S9999884,Subkit 4/6 Obstetric 3-renew.S9908302,800,7,2,7.5,52.50,15,67.50,25.87,30,1358.175,450,1808.175,0.084375,2.26021875
S9999885,Subkit 5/6 Obstetric 3-renew.S9908302,800,5,2,7.5,37.50,15,52.50,25.87,30,970.125,450,1420.125,0.065625,1.77515625
S9999886,Subkit 6/6 Obstetric 3-renew.S9908302,800,8,2,7.5,60.00,15,75.00,25.87,30,1552.2,450,2002.2,0.09375,2.50275
S9999898,"Subkit 1/2 Midwifery ,3-renew S9902219",800,7,2,7.5,52.50,15,67.50,25.87,30,1358.175,450,1808.175,0.084375,2.26021875
S9999899,"Subkit 2/2 Midwifery ,3-renew S9902219",800,7,2,7.5,52.50,15,67.50,25.87,30,1358.175,450,1808.175,0.084375,2.26021875
S9999923,"Subkit 1/2 Sterilization, kit C S9908200",800,7,2,7.5,52.50,15,67.50,25.87,30,1358.175,450,1808.175,0.084375,2.26021875
S9999924,"Subkit 2/2 Sterilization, kit C S9908200",800,1,0,7.5,7.50,0,7.50,25.87,30,194.025,0,194.025,0.009375,0.24253125
S9999933,Prepack 1/1 School in a Bag S9935019,800,3,1,7.5,22.50,7.5,30.00,25.87,30,582.075,225,807.075,0.0375,1.00884375
S9999938,Prepack 1/2 Obstetric 3-renew. S9908302,800,6,2,7.5,45.00,15,60.00,25.87,30,1164.15,450,1614.15,0.075,2.0176875
S9999939,Prepack 2/2 Obstetric 3-renew. S9908302,800,3,1,7.5,22.50,7.5,30.00,25.87,30,582.075,225,807.075,0.0375,1.00884375
S9999940,Prepack 3/3Midwifery-renewable S9902219,800,3,0,7.5,22.50,0,22.50,25.87,30,582.075,0,582.075,0.028125,0.72759375
S9999941,Prepack 1/3Midwifery-renewable S9902219,800,5,1,7.5,37.50,7.5,45.00,25.87,30,970.125,225,1195.125,0.05625,1.49390625
S9999942,Prepack 2/3Midwifery-renewable S9902219,800,3,1,7.5,22.50,7.5,30.00,25.87,30,582.075,225,807.075,0.0375,1.00884375
S9999944,"Prepack 1/2 Obstetric,surgical kit,suppl",800,4,1,7.5,30.00,7.5,37.50,25.87,30,776.1,225,1001.1,0.046875,1.251375
S9999945,"Prepack 2/2 Obstetric,surgical kit,suppl",800,4,1,7.5,30.00,7.5,37.50,25.87,30,776.1,225,1001.1,0.046875,1.251375
S9999957,Prepack 1/1 Midwifery 2-Equip S9902221,800,6,1,7.5,45.00,7.5,52.50,25.87,30,1164.15,225,1389.15,0.065625,1.7364375
S9999971,Sub 9/10 Obstetric S9908300(i) part 9,800,5,2,19.5,97.50,39,136.50,25.87,30,2522.325,1170,3692.325,0.170625,4.61540625
S9999973,Sub 6/6 Obstetric S9908300(i) part 38,800,1,0,7.5,7.50,0,7.50,25.87,30,194.025,0,194.025,0.009375,0.24253125
S9999974,Sub 4/6 Obstetric S9908300(i) part 4-36,24,1,0,7.5,7.50,0,7.50,25.87,30,194.025,0,194.025,0.3125,8.084375
S9999975,Sub 5/6 Obstetric S9908300(i) part 37,800,1,0,7.5,7.50,0,7.50,25.87,30,194.025,0,194.025,0.009375,0.24253125
S9999976,Sub 7/10 Obstetric S9908300(i) part 7,800,4,2,17.5,70.00,35,105.00,25.87,30,1810.9,1050,2860.9,0.13125,3.576125
S9999977,Sub 8/10 Obstetric S9908300(i) part 8,800,4,2,18.5,74.00,37,111.00,25.87,30,1914.38,1110,3024.38,0.13875,3.780475
S9999979,"E-p for S9935095, 84, 12, 98",800,4,1,7.5,30.00,7.5,37.50,25.87,30,776.1,225,1001.1,0.046875,1.251375
S9999986,Prepack for Recreation kits 2016,800,5,1,7.5,37.50,7.5,45.00,26.87,30,1007.625,225,1232.625,0.05625,1.54078125
S9999987,Prepack for ECD Kits  2016,800,8,1,7.5,60.00,7.5,67.50,28.87,30,1732.2,225,1957.2,0.084375,2.4465
S9999989,prepack 3 system-wise (not physical),800,0,1,21.5,0.00,21.5,21.50,25.87,30,0,645,645,0.026875,0.80625
S9999990,Education prepack 1 for new SIB  (I),800,5,1,7.5,37.50,7.5,45.00,25.87,30,970.125,225,1195.125,0.05625,1.49390625
S9999991,Education prepack 2 for new SIB  (I),800,5,1,7.5,37.50,7.5,45.00,25.87,30,970.125,225,1195.125,0.05625,1.49390625
S9999992,First Aid kit-prepack for S9975020   (I),800,1,0,7.5,7.50,0,7.50,25.87,30,194.025,0,194.025,0.009375,0.24253125
S9999993,Sub 3/6 Obstetric S9908300(i) part 3,800,7,2,7.5,52.50,15,67.50,25.87,30,1358.175,450,1808.175,0.084375,2.26021875
S9999994,Sub 2/6 Obstetric S9908300(i) part 2,800,6,1,7.5,45.00,7.5,52.50,25.87,30,1164.15,225,1389.15,0.065625,1.7364375
S9999995,Sub 1/6 Obstetric S9908300(i) part 1,800,12,2,7.5,90.00,15,105.00,25.87,30,2328.3,450,2778.3,0.13125,3.472875
